text,label
why is my invoice higher than the enterprise plan price?,billing
i get an error code 500 when i try to log in.,general
"i cannot reset my password, the email never arrives.",account
is there a mobile app available for calendar?,general
i would like to share some feedback about your service.,general
please help me change the email address on my account.,account
my account is locked after too many login attempts.,account
my account is locked after too many login attempts.,account
i would like to share some feedback about your service.,general
i want to delete my account and all of my data.,account
my account is locked after too many login attempts.,account
there is an unexpected fee of $9.99 on my latest bill.,billing
my subscription renewed but i wanted to cancel the billing.,billing
my subscription renewed but i wanted to cancel the billing.,billing
i was charged $19.99 twice on my mastercard card this month.,billing
i was charged $120 twice on my visa card this month.,billing
can you tell me more about the basic plan features?,general
why is my invoice higher than the pro plan price?,billing
how do i enable two factor authentication on my profile?,account
please help me change the email address on my account.,account
there is an unexpected fee of $120 on my latest bill.,billing
why is my invoice higher than the enterprise plan price?,billing
do you offer a discount for students or non profits?,general
what are your customer support working hours?,general
i was charged $19.99 twice on my visa card this month.,billing
i was charged $19.99 twice on my mastercard card this month.,billing
i am experiencing issues with the settings functionality.,technical
the software is not compatible with my operating system.,technical
i would like to share some feedback about your service.,general
what are your customer support working hours?,general
there is an unexpected fee of $5 on my latest bill.,billing
there is a bug in the billing that needs to be fixed.,technical
there is a bug in the calendar that needs to be fixed.,technical
the app crashes every time i open the calendar page.,account
i was charged $19.99 twice on my visa card this month.,billing
can you tell me more about the basic plan features?,general
the software is not compatible with my operating system.,technical
the export button does nothing and throws error null_ref.,account
i would like to share some feedback about your service.,general
there is an unexpected fee of $5 on my latest bill.,billing
i would like to share some feedback about your service.,general
i would like to share some feedback about your service.,general
i was charged $5 twice on my amex card this month.,billing
the software is not compatible with my operating system.,technical
i am experiencing issues with the calendar functionality.,technical
the app crashes every time i open the settings page.,account
i get an error code 403 when i try to log in.,account
there is a bug in the settings that needs to be fixed.,technical
do you offer a discount for students or non profits?,general
i need a refund for the duplicate payment of $49.,account
is there a mobile app available for settings?,general
can you tell me more about the basic plan features?,general
there is an unexpected fee of $120 on my latest bill.,billing
i need a refund for the duplicate payment of $120.,billing
there is a bug in the billing that needs to be fixed.,technical
my subscription renewed but i wanted to cancel the billing.,billing
the api is returning a 403 error when i make a request.,technical
there is an unexpected fee of $120 on my latest bill.,billing
i was charged $120 twice on my mastercard card this month.,account
the software is not compatible with my operating system.,technical
there is a bug in the calendar that needs to be fixed.,technical
my subscription renewed but i wanted to cancel the billing.,billing
the dashboard is not loading after the latest update.,account
i am experiencing issues with the billing functionality.,technical
the app crashes every time i open the billing page.,account
what are your customer support working hours?,general
please help me change the email address on my account.,account
what are your customer support working hours?,general
i was charged $19.99 twice on my visa card this month.,billing
"i cannot reset my password, the email never arrives.",account
i was charged $5 twice on my visa card this month.,billing
i was charged $5 twice on my mastercard card this month.,billing
i was charged $120 twice on my mastercard card this month.,billing
do you offer a discount for students or non profits?,general
my account is locked after too many login attempts.,account
my account is locked after too many login attempts.,account
what are your customer support working hours?,general
i want to delete my account and all of my data.,account
there is a bug in the settings that needs to be fixed.,technical
the api is returning a timeout error when i make a request.,technical
my subscription renewed but i wanted to cancel the billing.,billing
i get an error code null_ref when i try to log in.,general
i would like to share some feedback about your service.,technical
there is a bug in the calendar that needs to be fixed.,technical
what are your customer support working hours?,general
can you tell me more about the basic plan features?,general
the api is returning a 500 error when i make a request.,billing
the export button does nothing and throws error null_ref.,account
there is an unexpected fee of $120 on my latest bill.,billing
the dashboard is not loading after the latest update.,account
my account is locked after too many login attempts.,account
i was charged $19.99 twice on my amex card this month.,billing
the export button does nothing and throws error null_ref.,account
there is an unexpected fee of $120 on my latest bill.,billing
why is my invoice higher than the enterprise plan price?,billing
my subscription renewed but i wanted to cancel the billing.,billing
please help me change the email address on my account.,general
there is a bug in the calendar that needs to be fixed.,technical
the software is not compatible with my operating system.,technical
my account is locked after too many login attempts.,account
i get an error code 403 when i try to log in.,general
what are your customer support working hours?,general
sync keeps failing between my phone and the web reports.,account
my account is locked after too many login attempts.,account
the application is running slow and freezing frequently.,technical
my subscription renewed but i wanted to cancel the billing.,billing
sync keeps failing between my phone and the web calendar.,account
the software is not compatible with my operating system.,technical
how do i enable two factor authentication on my profile?,account
why is my invoice higher than the pro plan price?,billing
the software is not compatible with my operating system.,technical
is there a mobile app available for settings?,general
my subscription renewed but i wanted to cancel the billing.,billing
i want to delete my account and all of my data.,account
is there a mobile app available for reports?,general
there is a bug in the reports that needs to be fixed.,technical
the software is not compatible with my operating system.,technical
"i cannot reset my password, the email never arrives.",billing
there is a bug in the billing that needs to be fixed.,technical
please help me change the email address on my account.,account
there is an unexpected fee of $5 on my latest bill.,billing
my subscription renewed but i wanted to cancel the billing.,billing
do you offer a discount for students or non profits?,general
why is my invoice higher than the basic plan price?,billing
my subscription renewed but i wanted to cancel the billing.,billing
i need a refund for the duplicate payment of $120.,technical
i was charged $120 twice on my mastercard card this month.,billing
why is my invoice higher than the enterprise plan price?,billing
i would like to share some feedback about your service.,general
my subscription renewed but i wanted to cancel the billing.,billing
how do i enable two factor authentication on my profile?,account
the api is returning a timeout error when i make a request.,technical
the api is returning a null_ref error when i make a request.,technical
i was charged $120 twice on my mastercard card this month.,billing
how do i enable two factor authentication on my profile?,account
can you tell me more about the enterprise plan features?,general
is there a mobile app available for billing?,general
please help me change the email address on my account.,general
the software is not compatible with my operating system.,technical
i would like to share some feedback about your service.,general
the api is returning a timeout error when i make a request.,technical
there is a bug in the billing that needs to be fixed.,technical
the dashboard is not loading after the latest update.,account
please help me change the email address on my account.,account
i was charged $9.99 twice on my mastercard card this month.,billing
there is an unexpected fee of $49 on my latest bill.,billing
my subscription renewed but i wanted to cancel the billing.,billing
i was charged $19.99 twice on my visa card this month.,billing
the software is not compatible with my operating system.,technical
do you offer a discount for students or non profits?,general
how do i enable two factor authentication on my profile?,account
do you offer a discount for students or non profits?,general
sync keeps failing between my phone and the web settings.,account
what are your customer support working hours?,general
the application is running slow and freezing frequently.,technical
there is a bug in the calendar that needs to be fixed.,technical
my account is locked after too many login attempts.,general
my subscription renewed but i wanted to cancel the billing.,billing
the software is not compatible with my operating system.,technical
why is my invoice higher than the basic plan price?,billing
the app crashes every time i open the reports page.,account
i would like to share some feedback about your service.,account
do you offer a discount for students or non profits?,general
my account is locked after too many login attempts.,account
i am experiencing issues with the reports functionality.,technical
"i cannot reset my password, the email never arrives.",account
do you offer a discount for students or non profits?,general
can you tell me more about the enterprise plan features?,general
is there a mobile app available for billing?,general
i need a refund for the duplicate payment of $19.99.,billing
i would like to share some feedback about your service.,general
i am experiencing issues with the reports functionality.,technical
i am experiencing issues with the reports functionality.,technical
how do i enable two factor authentication on my profile?,account
sync keeps failing between my phone and the web billing.,account
i would like to share some feedback about your service.,general
i would like to share some feedback about your service.,general
what are your customer support working hours?,general
i am experiencing issues with the settings functionality.,technical
i would like to share some feedback about your service.,general
my subscription renewed but i wanted to cancel the billing.,billing
the application is running slow and freezing frequently.,technical
i would like to share some feedback about your service.,general
the app crashes every time i open the calendar page.,account
i was charged $9.99 twice on my visa card this month.,billing
i get an error code 403 when i try to log in.,account
the dashboard is not loading after the latest update.,account
my subscription renewed but i wanted to cancel the billing.,billing
do you offer a discount for students or non profits?,general
i was charged $120 twice on my mastercard card this month.,billing
the software is not compatible with my operating system.,technical
i was charged $120 twice on my mastercard card this month.,billing
i need a refund for the duplicate payment of $19.99.,billing
why is my invoice higher than the pro plan price?,billing
what are your customer support working hours?,general
how do i enable two factor authentication on my profile?,account
i need a refund for the duplicate payment of $9.99.,billing
i would like to share some feedback about your service.,general
please help me change the email address on my account.,account
i would like to share some feedback about your service.,general
i would like to share some feedback about your service.,general
there is an unexpected fee of $120 on my latest bill.,billing
i would like to share some feedback about your service.,general
my subscription renewed but i wanted to cancel the billing.,technical
the application is running slow and freezing frequently.,technical
i need a refund for the duplicate payment of $49.,billing
i need a refund for the duplicate payment of $19.99.,billing
the dashboard is not loading after the latest update.,account
do you offer a discount for students or non profits?,account
do you offer a discount for students or non profits?,general
i would like to share some feedback about your service.,general
i get an error code timeout when i try to log in.,billing
i am experiencing issues with the reports functionality.,technical
what are your customer support working hours?,general
the api is returning a 500 error when i make a request.,technical
is there a mobile app available for calendar?,general
i need a refund for the duplicate payment of $49.,billing
the dashboard is not loading after the latest update.,account
i get an error code 500 when i try to log in.,account
why is my invoice higher than the pro plan price?,billing
i need a refund for the duplicate payment of $19.99.,account
i get an error code null_ref when i try to log in.,account
do you offer a discount for students or non profits?,general
the dashboard is not loading after the latest update.,account
is there a mobile app available for settings?,general
i was charged $5 twice on my mastercard card this month.,billing
i get an error code timeout when i try to log in.,technical
do you offer a discount for students or non profits?,general
the application is running slow and freezing frequently.,technical
my subscription renewed but i wanted to cancel the billing.,billing
can you tell me more about the basic plan features?,general
the application is running slow and freezing frequently.,technical
i need a refund for the duplicate payment of $120.,billing
i would like to share some feedback about your service.,general
i want to delete my account and all of my data.,account
how do i enable two factor authentication on my profile?,account
is there a mobile app available for billing?,general
i get an error code timeout when i try to log in.,account
my account is locked after too many login attempts.,account
i was charged $5 twice on my amex card this month.,billing
the application is running slow and freezing frequently.,technical
there is an unexpected fee of $49 on my latest bill.,account
the api is returning a 500 error when i make a request.,technical
the software is not compatible with my operating system.,technical
can you tell me more about the enterprise plan features?,general
there is a bug in the billing that needs to be fixed.,technical
do you offer a discount for students or non profits?,general
i want to delete my account and all of my data.,account
how do i enable two factor authentication on my profile?,account
my subscription renewed but i wanted to cancel the billing.,billing
i need a refund for the duplicate payment of $5.,billing
there is an unexpected fee of $5 on my latest bill.,billing
how do i enable two factor authentication on my profile?,account
the software is not compatible with my operating system.,technical
there is an unexpected fee of $120 on my latest bill.,billing
the api is returning a 500 error when i make a request.,technical
there is an unexpected fee of $120 on my latest bill.,billing
the api is returning a 500 error when i make a request.,technical
i would like to share some feedback about your service.,general
why is my invoice higher than the basic plan price?,billing
i would like to share some feedback about your service.,general
i need a refund for the duplicate payment of $19.99.,billing
there is an unexpected fee of $120 on my latest bill.,billing
the api is returning a 500 error when i make a request.,technical
there is a bug in the billing that needs to be fixed.,technical
why is my invoice higher than the enterprise plan price?,billing
the api is returning a 500 error when i make a request.,technical
i get an error code 500 when i try to log in.,account
what are your customer support working hours?,general
the software is not compatible with my operating system.,technical
there is a bug in the settings that needs to be fixed.,technical
i need a refund for the duplicate payment of $5.,billing
"i cannot reset my password, the email never arrives.",account
"i cannot reset my password, the email never arrives.",account
i need a refund for the duplicate payment of $9.99.,billing
my subscription renewed but i wanted to cancel the billing.,general
the api is returning a timeout error when i make a request.,technical
i need a refund for the duplicate payment of $5.,billing
i need a refund for the duplicate payment of $9.99.,billing
"i cannot reset my password, the email never arrives.",account
there is a bug in the billing that needs to be fixed.,technical
the software is not compatible with my operating system.,technical
there is an unexpected fee of $19.99 on my latest bill.,billing
can you tell me more about the basic plan features?,general
sync keeps failing between my phone and the web settings.,account
please help me change the email address on my account.,account
the export button does nothing and throws error timeout.,account
can you tell me more about the basic plan features?,general
i would like to share some feedback about your service.,general
the api is returning a null_ref error when i make a request.,technical
i get an error code timeout when i try to log in.,account
i am experiencing issues with the calendar functionality.,technical
i want to delete my account and all of my data.,account
the software is not compatible with my operating system.,technical
i need a refund for the duplicate payment of $19.99.,billing
my account is locked after too many login attempts.,technical
the dashboard is not loading after the latest update.,account
i need a refund for the duplicate payment of $120.,account
can you tell me more about the enterprise plan features?,general
please help me change the email address on my account.,account
there is a bug in the settings that needs to be fixed.,technical
my account is locked after too many login attempts.,account
i need a refund for the duplicate payment of $120.,account
there is a bug in the calendar that needs to be fixed.,technical
do you offer a discount for students or non profits?,general
sync keeps failing between my phone and the web reports.,account
what are your customer support working hours?,general
i need a refund for the duplicate payment of $120.,billing
the api is returning a null_ref error when i make a request.,account
sync keeps failing between my phone and the web billing.,account
the application is running slow and freezing frequently.,technical
my subscription renewed but i wanted to cancel the billing.,billing
there is an unexpected fee of $49 on my latest bill.,billing
i need a refund for the duplicate payment of $49.,billing
there is a bug in the settings that needs to be fixed.,technical
why is my invoice higher than the enterprise plan price?,billing
the application is running slow and freezing frequently.,technical
why is my invoice higher than the basic plan price?,billing
is there a mobile app available for reports?,general
i would like to share some feedback about your service.,general
my subscription renewed but i wanted to cancel the billing.,billing
the application is running slow and freezing frequently.,technical
my account is locked after too many login attempts.,account
my subscription renewed but i wanted to cancel the billing.,billing
sync keeps failing between my phone and the web settings.,account
can you tell me more about the basic plan features?,general
why is my invoice higher than the pro plan price?,billing
the software is not compatible with my operating system.,technical
i was charged $19.99 twice on my mastercard card this month.,billing
my subscription renewed but i wanted to cancel the billing.,billing
the software is not compatible with my operating system.,technical
the dashboard is not loading after the latest update.,account
there is an unexpected fee of $9.99 on my latest bill.,billing
please help me change the email address on my account.,account
there is a bug in the calendar that needs to be fixed.,technical
i am experiencing issues with the calendar functionality.,technical
the export button does nothing and throws error 403.,account
how do i enable two factor authentication on my profile?,general
why is my invoice higher than the enterprise plan price?,billing
i would like to share some feedback about your service.,general
i was charged $19.99 twice on my visa card this month.,billing
why is my invoice higher than the basic plan price?,billing
there is an unexpected fee of $9.99 on my latest bill.,billing
why is my invoice higher than the basic plan price?,billing
the software is not compatible with my operating system.,technical
my subscription renewed but i wanted to cancel the billing.,billing
is there a mobile app available for calendar?,general
there is an unexpected fee of $19.99 on my latest bill.,billing
why is my invoice higher than the basic plan price?,billing
i am experiencing issues with the billing functionality.,technical
i would like to share some feedback about your service.,general
why is my invoice higher than the pro plan price?,billing
the software is not compatible with my operating system.,technical
do you offer a discount for students or non profits?,general
there is an unexpected fee of $9.99 on my latest bill.,billing
the export button does nothing and throws error 403.,account
can you tell me more about the pro plan features?,general
i get an error code 403 when i try to log in.,account
i am experiencing issues with the calendar functionality.,technical
please help me change the email address on my account.,account
my subscription renewed but i wanted to cancel the billing.,billing
there is an unexpected fee of $49 on my latest bill.,billing
is there a mobile app available for billing?,general
my account is locked after too many login attempts.,account
there is a bug in the calendar that needs to be fixed.,account
why is my invoice higher than the basic plan price?,billing
my subscription renewed but i wanted to cancel the billing.,billing
do you offer a discount for students or non profits?,general
the application is running slow and freezing frequently.,account
what are your customer support working hours?,general
the application is running slow and freezing frequently.,technical
there is an unexpected fee of $9.99 on my latest bill.,billing
can you tell me more about the enterprise plan features?,general
do you offer a discount for students or non profits?,general
the application is running slow and freezing frequently.,technical
there is a bug in the billing that needs to be fixed.,technical
the application is running slow and freezing frequently.,technical
do you offer a discount for students or non profits?,general
i am experiencing issues with the calendar functionality.,account
the export button does nothing and throws error timeout.,account
is there a mobile app available for calendar?,general
why is my invoice higher than the basic plan price?,billing
there is a bug in the calendar that needs to be fixed.,technical
i want to delete my account and all of my data.,account
the api is returning a null_ref error when i make a request.,technical
there is a bug in the billing that needs to be fixed.,technical
can you tell me more about the enterprise plan features?,general
i need a refund for the duplicate payment of $120.,billing
i need a refund for the duplicate payment of $5.,billing
why is my invoice higher than the pro plan price?,billing
the api is returning a timeout error when i make a request.,technical
the application is running slow and freezing frequently.,technical
the software is not compatible with my operating system.,technical
i would like to share some feedback about your service.,general
how do i enable two factor authentication on my profile?,account
the export button does nothing and throws error null_ref.,account
the app crashes every time i open the reports page.,account
the dashboard is not loading after the latest update.,account
the api is returning a timeout error when i make a request.,technical
i need a refund for the duplicate payment of $120.,billing
is there a mobile app available for reports?,general
what are your customer support working hours?,general
why is my invoice higher than the basic plan price?,billing
the software is not compatible with my operating system.,technical
the app crashes every time i open the billing page.,account
i would like to share some feedback about your service.,general
there is an unexpected fee of $120 on my latest bill.,account
how do i enable two factor authentication on my profile?,account
i am experiencing issues with the settings functionality.,technical
can you tell me more about the pro plan features?,general
i would like to share some feedback about your service.,general
i would like to share some feedback about your service.,general
i would like to share some feedback about your service.,general
i was charged $49 twice on my amex card this month.,billing
"i cannot reset my password, the email never arrives.",account
the dashboard is not loading after the latest update.,account
the export button does nothing and throws error null_ref.,account
i was charged $120 twice on my mastercard card this month.,billing
how do i enable two factor authentication on my profile?,account
can you tell me more about the enterprise plan features?,general
the api is returning a null_ref error when i make a request.,technical
"i cannot reset my password, the email never arrives.",general
the api is returning a null_ref error when i make a request.,technical
i was charged $5 twice on my mastercard card this month.,billing
do you offer a discount for students or non profits?,technical
my subscription renewed but i wanted to cancel the billing.,billing
there is a bug in the reports that needs to be fixed.,technical
"i cannot reset my password, the email never arrives.",account
there is a bug in the reports that needs to be fixed.,technical
do you offer a discount for students or non profits?,general
the software is not compatible with my operating system.,technical
how do i enable two factor authentication on my profile?,account
i would like to share some feedback about your service.,billing
the software is not compatible with my operating system.,technical
can you tell me more about the basic plan features?,general
i would like to share some feedback about your service.,general
there is a bug in the calendar that needs to be fixed.,account
i need a refund for the duplicate payment of $19.99.,billing
i would like to share some feedback about your service.,general
i am experiencing issues with the reports functionality.,technical
do you offer a discount for students or non profits?,general
i need a refund for the duplicate payment of $19.99.,billing
please help me change the email address on my account.,account
i would like to share some feedback about your service.,general
please help me change the email address on my account.,account
i need a refund for the duplicate payment of $19.99.,billing
i would like to share some feedback about your service.,general
do you offer a discount for students or non profits?,general
i was charged $5 twice on my amex card this month.,billing
why is my invoice higher than the basic plan price?,billing
i am experiencing issues with the reports functionality.,technical
there is an unexpected fee of $19.99 on my latest bill.,billing
how do i enable two factor authentication on my profile?,account
can you tell me more about the pro plan features?,general
i am experiencing issues with the calendar functionality.,account
the application is running slow and freezing frequently.,technical
how do i enable two factor authentication on my profile?,account
is there a mobile app available for settings?,general
i would like to share some feedback about your service.,general
is there a mobile app available for calendar?,general
the api is returning a null_ref error when i make a request.,account
there is a bug in the reports that needs to be fixed.,technical
i want to delete my account and all of my data.,account
the software is not compatible with my operating system.,technical
i was charged $19.99 twice on my amex card this month.,billing
why is my invoice higher than the enterprise plan price?,billing
"i cannot reset my password, the email never arrives.",account
is there a mobile app available for billing?,general
can you tell me more about the enterprise plan features?,general
the software is not compatible with my operating system.,technical
what are your customer support working hours?,general
how do i enable two factor authentication on my profile?,account
the app crashes every time i open the reports page.,account
i would like to share some feedback about your service.,general
the software is not compatible with my operating system.,technical
i need a refund for the duplicate payment of $19.99.,billing
i need a refund for the duplicate payment of $49.,billing
i was charged $19.99 twice on my mastercard card this month.,billing
there is an unexpected fee of $5 on my latest bill.,billing
why is my invoice higher than the enterprise plan price?,billing
can you tell me more about the enterprise plan features?,general
the export button does nothing and throws error timeout.,account
the software is not compatible with my operating system.,technical
my account is locked after too many login attempts.,account
i would like to share some feedback about your service.,general
"i cannot reset my password, the email never arrives.",account
do you offer a discount for students or non profits?,general
the api is returning a timeout error when i make a request.,technical
i was charged $9.99 twice on my visa card this month.,account
the api is returning a timeout error when i make a request.,technical
i was charged $49 twice on my visa card this month.,billing
i need a refund for the duplicate payment of $120.,billing
is there a mobile app available for reports?,general
the export button does nothing and throws error timeout.,account
the software is not compatible with my operating system.,technical
do you offer a discount for students or non profits?,general
the application is running slow and freezing frequently.,technical
i was charged $49 twice on my mastercard card this month.,billing
there is a bug in the reports that needs to be fixed.,technical
i would like to share some feedback about your service.,general
the api is returning a 500 error when i make a request.,technical
the application is running slow and freezing frequently.,technical
what are your customer support working hours?,general
"i cannot reset my password, the email never arrives.",account
i was charged $19.99 twice on my amex card this month.,billing
the dashboard is not loading after the latest update.,account
can you tell me more about the enterprise plan features?,general
i get an error code 403 when i try to log in.,general
the software is not compatible with my operating system.,technical
why is my invoice higher than the pro plan price?,billing
i get an error code timeout when i try to log in.,account
the application is running slow and freezing frequently.,technical
my subscription renewed but i wanted to cancel the billing.,billing
my subscription renewed but i wanted to cancel the billing.,account
the dashboard is not loading after the latest update.,account
the api is returning a 500 error when i make a request.,technical
i am experiencing issues with the calendar functionality.,technical
my account is locked after too many login attempts.,account
i need a refund for the duplicate payment of $49.,billing
do you offer a discount for students or non profits?,general
the application is running slow and freezing frequently.,technical
what are your customer support working hours?,general
i want to delete my account and all of my data.,account
is there a mobile app available for calendar?,general
can you tell me more about the basic plan features?,general
i would like to share some feedback about your service.,general
the api is returning a null_ref error when i make a request.,technical
my account is locked after too many login attempts.,account
the api is returning a 500 error when i make a request.,technical
the api is returning a 403 error when i make a request.,technical
can you tell me more about the pro plan features?,general
please help me change the email address on my account.,account
do you offer a discount for students or non profits?,general
can you tell me more about the enterprise plan features?,general
i get an error code 403 when i try to log in.,account
i need a refund for the duplicate payment of $120.,billing
do you offer a discount for students or non profits?,general
my subscription renewed but i wanted to cancel the billing.,billing
i would like to share some feedback about your service.,billing
is there a mobile app available for settings?,general
why is my invoice higher than the pro plan price?,billing
please help me change the email address on my account.,account
i am experiencing issues with the calendar functionality.,technical
is there a mobile app available for settings?,technical
there is a bug in the reports that needs to be fixed.,technical
why is my invoice higher than the enterprise plan price?,billing
the application is running slow and freezing frequently.,general
i would like to share some feedback about your service.,general
i want to delete my account and all of my data.,account
i get an error code 403 when i try to log in.,account
my subscription renewed but i wanted to cancel the billing.,billing
there is a bug in the calendar that needs to be fixed.,technical
the app crashes every time i open the reports page.,technical
can you tell me more about the enterprise plan features?,general
the software is not compatible with my operating system.,technical
the application is running slow and freezing frequently.,account
the application is running slow and freezing frequently.,technical
what are your customer support working hours?,general
the app crashes every time i open the reports page.,account
the api is returning a 500 error when i make a request.,technical
the api is returning a timeout error when i make a request.,technical
i need a refund for the duplicate payment of $49.,account
i am experiencing issues with the billing functionality.,technical
i would like to share some feedback about your service.,general
what are your customer support working hours?,general
do you offer a discount for students or non profits?,general
what are your customer support working hours?,technical
do you offer a discount for students or non profits?,general
what are your customer support working hours?,general
can you tell me more about the pro plan features?,general
there is an unexpected fee of $5 on my latest bill.,billing
the api is returning a 500 error when i make a request.,technical
the api is returning a 500 error when i make a request.,technical
is there a mobile app available for calendar?,general
please help me change the email address on my account.,account
there is a bug in the calendar that needs to be fixed.,technical
the api is returning a null_ref error when i make a request.,technical
the dashboard is not loading after the latest update.,account
the api is returning a 500 error when i make a request.,technical
the software is not compatible with my operating system.,technical
do you offer a discount for students or non profits?,general
why is my invoice higher than the enterprise plan price?,billing
why is my invoice higher than the basic plan price?,billing
the api is returning a 403 error when i make a request.,technical
i was charged $9.99 twice on my amex card this month.,billing
my subscription renewed but i wanted to cancel the billing.,billing
why is my invoice higher than the basic plan price?,billing
the api is returning a timeout error when i make a request.,technical
can you tell me more about the pro plan features?,general
my subscription renewed but i wanted to cancel the billing.,billing
i was charged $120 twice on my amex card this month.,billing
my subscription renewed but i wanted to cancel the billing.,billing
can you tell me more about the basic plan features?,general
what are your customer support working hours?,general
do you offer a discount for students or non profits?,general
i was charged $49 twice on my mastercard card this month.,billing
there is a bug in the calendar that needs to be fixed.,technical
my account is locked after too many login attempts.,general
the api is returning a 403 error when i make a request.,technical
i want to delete my account and all of my data.,account
i would like to share some feedback about your service.,general
there is an unexpected fee of $120 on my latest bill.,technical
please help me change the email address on my account.,account
do you offer a discount for students or non profits?,general
i want to delete my account and all of my data.,account
what are your customer support working hours?,billing
please help me change the email address on my account.,account
"i cannot reset my password, the email never arrives.",account
i want to delete my account and all of my data.,account
sync keeps failing between my phone and the web reports.,account
the app crashes every time i open the calendar page.,account
i am experiencing issues with the billing functionality.,technical
the application is running slow and freezing frequently.,technical
i was charged $49 twice on my amex card this month.,billing
there is a bug in the calendar that needs to be fixed.,billing
what are your customer support working hours?,general
the software is not compatible with my operating system.,technical
i need a refund for the duplicate payment of $9.99.,billing
the api is returning a 500 error when i make a request.,technical
there is a bug in the calendar that needs to be fixed.,technical
can you tell me more about the pro plan features?,general
is there a mobile app available for reports?,general
i would like to share some feedback about your service.,general
i need a refund for the duplicate payment of $9.99.,billing
is there a mobile app available for billing?,general
what are your customer support working hours?,general
please help me change the email address on my account.,account
i would like to share some feedback about your service.,general
the application is running slow and freezing frequently.,technical
the application is running slow and freezing frequently.,technical
there is an unexpected fee of $120 on my latest bill.,billing
the application is running slow and freezing frequently.,technical
my account is locked after too many login attempts.,account
do you offer a discount for students or non profits?,general
i was charged $5 twice on my mastercard card this month.,billing
the software is not compatible with my operating system.,technical
is there a mobile app available for settings?,general
my subscription renewed but i wanted to cancel the billing.,billing
i am experiencing issues with the calendar functionality.,technical
the export button does nothing and throws error null_ref.,technical
i would like to share some feedback about your service.,account
why is my invoice higher than the enterprise plan price?,billing
do you offer a discount for students or non profits?,general
i get an error code 403 when i try to log in.,account
is there a mobile app available for settings?,general
please help me change the email address on my account.,account
the app crashes every time i open the reports page.,account
"i cannot reset my password, the email never arrives.",account
i am experiencing issues with the billing functionality.,technical
my subscription renewed but i wanted to cancel the billing.,general
the export button does nothing and throws error null_ref.,account
do you offer a discount for students or non profits?,general
is there a mobile app available for billing?,general
my account is locked after too many login attempts.,account
i need a refund for the duplicate payment of $120.,billing
i was charged $49 twice on my amex card this month.,billing
is there a mobile app available for settings?,general
i was charged $49 twice on my visa card this month.,billing
i need a refund for the duplicate payment of $5.,billing
why is my invoice higher than the enterprise plan price?,billing
i would like to share some feedback about your service.,general
there is an unexpected fee of $19.99 on my latest bill.,general
i would like to share some feedback about your service.,general
can you tell me more about the enterprise plan features?,general
the api is returning a 403 error when i make a request.,technical
why is my invoice higher than the basic plan price?,billing
i was charged $120 twice on my amex card this month.,billing
the software is not compatible with my operating system.,technical
i was charged $9.99 twice on my visa card this month.,billing
is there a mobile app available for reports?,general
the app crashes every time i open the reports page.,account
the api is returning a timeout error when i make a request.,general
what are your customer support working hours?,general
the export button does nothing and throws error 500.,account
i need a refund for the duplicate payment of $49.,billing
can you tell me more about the enterprise plan features?,general
can you tell me more about the enterprise plan features?,general
do you offer a discount for students or non profits?,general
i am experiencing issues with the billing functionality.,technical
there is a bug in the billing that needs to be fixed.,technical
my account is locked after too many login attempts.,general
do you offer a discount for students or non profits?,general
please help me change the email address on my account.,account
what are your customer support working hours?,general
why is my invoice higher than the enterprise plan price?,billing
i am experiencing issues with the settings functionality.,technical
please help me change the email address on my account.,account
what are your customer support working hours?,general
i need a refund for the duplicate payment of $5.,billing
there is a bug in the settings that needs to be fixed.,technical
sync keeps failing between my phone and the web calendar.,account
i was charged $120 twice on my mastercard card this month.,billing
i need a refund for the duplicate payment of $120.,billing
i want to delete my account and all of my data.,account
can you tell me more about the pro plan features?,general
the api is returning a null_ref error when i make a request.,technical
why is my invoice higher than the enterprise plan price?,billing
please help me change the email address on my account.,account
my account is locked after too many login attempts.,account
i was charged $5 twice on my visa card this month.,billing
the export button does nothing and throws error timeout.,account
there is an unexpected fee of $120 on my latest bill.,billing
i need a refund for the duplicate payment of $5.,billing
i want to delete my account and all of my data.,account
i need a refund for the duplicate payment of $5.,account
i need a refund for the duplicate payment of $120.,billing
"i cannot reset my password, the email never arrives.",account
i want to delete my account and all of my data.,account
there is an unexpected fee of $120 on my latest bill.,billing
there is a bug in the reports that needs to be fixed.,technical
the software is not compatible with my operating system.,technical
the api is returning a timeout error when i make a request.,technical
i am experiencing issues with the settings functionality.,technical
what are your customer support working hours?,general
i need a refund for the duplicate payment of $5.,billing
i was charged $9.99 twice on my mastercard card this month.,billing
why is my invoice higher than the pro plan price?,billing
my account is locked after too many login attempts.,account
sync keeps failing between my phone and the web reports.,account
the export button does nothing and throws error timeout.,account
i need a refund for the duplicate payment of $19.99.,billing
the software is not compatible with my operating system.,technical
how do i enable two factor authentication on my profile?,account
my subscription renewed but i wanted to cancel the billing.,general
there is an unexpected fee of $19.99 on my latest bill.,billing
i would like to share some feedback about your service.,general
is there a mobile app available for calendar?,general
the application is running slow and freezing frequently.,technical
"i cannot reset my password, the email never arrives.",account
is there a mobile app available for billing?,general
the dashboard is not loading after the latest update.,account
i was charged $49 twice on my mastercard card this month.,billing
how do i enable two factor authentication on my profile?,account
what are your customer support working hours?,general
please help me change the email address on my account.,account
my account is locked after too many login attempts.,account
why is my invoice higher than the enterprise plan price?,billing
the dashboard is not loading after the latest update.,account
there is an unexpected fee of $9.99 on my latest bill.,billing
the dashboard is not loading after the latest update.,account
my subscription renewed but i wanted to cancel the billing.,billing
the application is running slow and freezing frequently.,technical
the software is not compatible with my operating system.,technical
my subscription renewed but i wanted to cancel the billing.,billing
sync keeps failing between my phone and the web calendar.,account
"i cannot reset my password, the email never arrives.",account
i am experiencing issues with the reports functionality.,technical
the application is running slow and freezing frequently.,technical
can you tell me more about the pro plan features?,general
"i cannot reset my password, the email never arrives.",account
i was charged $9.99 twice on my mastercard card this month.,billing
i was charged $5 twice on my amex card this month.,billing
i need a refund for the duplicate payment of $19.99.,billing
i was charged $49 twice on my amex card this month.,billing
i would like to share some feedback about your service.,general
i would like to share some feedback about your service.,general
the application is running slow and freezing frequently.,technical
there is a bug in the billing that needs to be fixed.,technical
the application is running slow and freezing frequently.,technical
is there a mobile app available for reports?,general
i want to delete my account and all of my data.,account
i get an error code timeout when i try to log in.,account
the app crashes every time i open the billing page.,account
please help me change the email address on my account.,account
the api is returning a 403 error when i make a request.,technical
what are your customer support working hours?,general
i need a refund for the duplicate payment of $19.99.,billing
why is my invoice higher than the enterprise plan price?,billing
how do i enable two factor authentication on my profile?,account
the software is not compatible with my operating system.,technical
my subscription renewed but i wanted to cancel the billing.,billing
there is a bug in the reports that needs to be fixed.,billing
there is an unexpected fee of $5 on my latest bill.,billing
i was charged $5 twice on my visa card this month.,billing
please help me change the email address on my account.,account
how do i enable two factor authentication on my profile?,account
there is an unexpected fee of $9.99 on my latest bill.,billing
i need a refund for the duplicate payment of $5.,billing
there is an unexpected fee of $49 on my latest bill.,billing
the api is returning a 403 error when i make a request.,technical
sync keeps failing between my phone and the web calendar.,account
i need a refund for the duplicate payment of $120.,billing
i would like to share some feedback about your service.,general
my subscription renewed but i wanted to cancel the billing.,billing
why is my invoice higher than the pro plan price?,billing
i was charged $120 twice on my amex card this month.,billing
i was charged $9.99 twice on my amex card this month.,billing
sync keeps failing between my phone and the web settings.,account
the software is not compatible with my operating system.,technical
why is my invoice higher than the enterprise plan price?,billing
can you tell me more about the enterprise plan features?,general
the api is returning a 403 error when i make a request.,technical
my subscription renewed but i wanted to cancel the billing.,billing
the software is not compatible with my operating system.,technical
the app crashes every time i open the settings page.,account
there is an unexpected fee of $120 on my latest bill.,billing
sync keeps failing between my phone and the web settings.,account
please help me change the email address on my account.,account
the software is not compatible with my operating system.,technical
is there a mobile app available for settings?,general
there is an unexpected fee of $19.99 on my latest bill.,billing
the app crashes every time i open the reports page.,account
the application is running slow and freezing frequently.,technical
"i cannot reset my password, the email never arrives.",account
the application is running slow and freezing frequently.,technical
i get an error code null_ref when i try to log in.,account
i need a refund for the duplicate payment of $120.,billing
i get an error code null_ref when i try to log in.,account
my subscription renewed but i wanted to cancel the billing.,billing
what are your customer support working hours?,general
i was charged $9.99 twice on my amex card this month.,billing
the api is returning a 500 error when i make a request.,technical
the api is returning a null_ref error when i make a request.,technical
do you offer a discount for students or non profits?,general
how do i enable two factor authentication on my profile?,account
is there a mobile app available for billing?,general
i get an error code null_ref when i try to log in.,account
i am experiencing issues with the settings functionality.,technical
please help me change the email address on my account.,account
what are your customer support working hours?,general
how do i enable two factor authentication on my profile?,account
there is an unexpected fee of $5 on my latest bill.,billing
i was charged $9.99 twice on my visa card this month.,billing
i was charged $9.99 twice on my mastercard card this month.,billing
the api is returning a timeout error when i make a request.,technical
the application is running slow and freezing frequently.,technical
why is my invoice higher than the pro plan price?,billing
do you offer a discount for students or non profits?,account
the api is returning a 403 error when i make a request.,technical
i need a refund for the duplicate payment of $120.,billing
i want to delete my account and all of my data.,account
why is my invoice higher than the basic plan price?,billing
there is a bug in the settings that needs to be fixed.,technical
the export button does nothing and throws error null_ref.,account
what are your customer support working hours?,general
the export button does nothing and throws error timeout.,account
please help me change the email address on my account.,account
the export button does nothing and throws error 403.,account
can you tell me more about the basic plan features?,general
is there a mobile app available for calendar?,billing
i was charged $49 twice on my mastercard card this month.,billing
there is a bug in the calendar that needs to be fixed.,technical
what are your customer support working hours?,general
i want to delete my account and all of my data.,technical
there is an unexpected fee of $49 on my latest bill.,billing
there is an unexpected fee of $19.99 on my latest bill.,billing
the software is not compatible with my operating system.,technical
sync keeps failing between my phone and the web calendar.,account
the application is running slow and freezing frequently.,technical
there is a bug in the reports that needs to be fixed.,technical
there is an unexpected fee of $19.99 on my latest bill.,billing
the software is not compatible with my operating system.,technical
please help me change the email address on my account.,account
do you offer a discount for students or non profits?,general
there is a bug in the billing that needs to be fixed.,technical
do you offer a discount for students or non profits?,general
why is my invoice higher than the basic plan price?,billing
the application is running slow and freezing frequently.,technical
there is a bug in the billing that needs to be fixed.,technical
do you offer a discount for students or non profits?,general
my subscription renewed but i wanted to cancel the billing.,billing
do you offer a discount for students or non profits?,general
my subscription renewed but i wanted to cancel the billing.,billing
i want to delete my account and all of my data.,account
how do i enable two factor authentication on my profile?,account
my account is locked after too many login attempts.,account
do you offer a discount for students or non profits?,general
what are your customer support working hours?,general
do you offer a discount for students or non profits?,general
my account is locked after too many login attempts.,account
the software is not compatible with my operating system.,technical
the api is returning a 500 error when i make a request.,technical
do you offer a discount for students or non profits?,technical
the api is returning a 403 error when i make a request.,technical
do you offer a discount for students or non profits?,general
my account is locked after too many login attempts.,account
i need a refund for the duplicate payment of $9.99.,billing
i get an error code 403 when i try to log in.,account
there is a bug in the reports that needs to be fixed.,technical
i am experiencing issues with the settings functionality.,technical
the software is not compatible with my operating system.,technical
i am experiencing issues with the billing functionality.,technical
my subscription renewed but i wanted to cancel the billing.,billing
i want to delete my account and all of my data.,account
is there a mobile app available for calendar?,general
what are your customer support working hours?,general
there is a bug in the settings that needs to be fixed.,technical
do you offer a discount for students or non profits?,general
i would like to share some feedback about your service.,general
what are your customer support working hours?,general
the software is not compatible with my operating system.,technical
my account is locked after too many login attempts.,account
is there a mobile app available for calendar?,general
why is my invoice higher than the pro plan price?,billing
the export button does nothing and throws error 403.,account
can you tell me more about the basic plan features?,general
there is a bug in the calendar that needs to be fixed.,technical
can you tell me more about the enterprise plan features?,general
do you offer a discount for students or non profits?,general
do you offer a discount for students or non profits?,general
the application is running slow and freezing frequently.,technical
the software is not compatible with my operating system.,technical
the application is running slow and freezing frequently.,technical
the application is running slow and freezing frequently.,technical
the software is not compatible with my operating system.,technical
"i cannot reset my password, the email never arrives.",account
how do i enable two factor authentication on my profile?,account
the software is not compatible with my operating system.,technical
what are your customer support working hours?,general
can you tell me more about the enterprise plan features?,general
can you tell me more about the enterprise plan features?,general
my account is locked after too many login attempts.,account
there is a bug in the calendar that needs to be fixed.,general
i was charged $9.99 twice on my mastercard card this month.,billing
my account is locked after too many login attempts.,account
can you tell me more about the pro plan features?,general
is there a mobile app available for billing?,general
"i cannot reset my password, the email never arrives.",account
there is a bug in the reports that needs to be fixed.,technical
can you tell me more about the enterprise plan features?,general
the application is running slow and freezing frequently.,technical
i am experiencing issues with the reports functionality.,technical
my account is locked after too many login attempts.,account
there is a bug in the reports that needs to be fixed.,technical
the api is returning a timeout error when i make a request.,technical
i am experiencing issues with the billing functionality.,technical
is there a mobile app available for calendar?,general
the app crashes every time i open the billing page.,account
i would like to share some feedback about your service.,general
there is a bug in the settings that needs to be fixed.,technical
please help me change the email address on my account.,account
"i cannot reset my password, the email never arrives.",account
the api is returning a 403 error when i make a request.,technical
can you tell me more about the pro plan features?,general
the api is returning a 403 error when i make a request.,technical
why is my invoice higher than the enterprise plan price?,billing
there is a bug in the calendar that needs to be fixed.,technical
i would like to share some feedback about your service.,billing
the app crashes every time i open the calendar page.,account
my subscription renewed but i wanted to cancel the billing.,billing
do you offer a discount for students or non profits?,general
there is a bug in the billing that needs to be fixed.,technical
why is my invoice higher than the enterprise plan price?,billing
how do i enable two factor authentication on my profile?,account
why is my invoice higher than the pro plan price?,billing
i need a refund for the duplicate payment of $19.99.,billing
i am experiencing issues with the settings functionality.,technical
is there a mobile app available for billing?,general
i need a refund for the duplicate payment of $9.99.,billing
do you offer a discount for students or non profits?,general
the application is running slow and freezing frequently.,technical
my subscription renewed but i wanted to cancel the billing.,billing
i would like to share some feedback about your service.,general
there is a bug in the reports that needs to be fixed.,technical
i am experiencing issues with the calendar functionality.,technical
i want to delete my account and all of my data.,account
i was charged $120 twice on my amex card this month.,billing
the application is running slow and freezing frequently.,technical
i get an error code null_ref when i try to log in.,account
i would like to share some feedback about your service.,general
what are your customer support working hours?,general
is there a mobile app available for billing?,general
i was charged $19.99 twice on my visa card this month.,billing
is there a mobile app available for billing?,technical
the software is not compatible with my operating system.,technical
what are your customer support working hours?,general
i would like to share some feedback about your service.,general
there is an unexpected fee of $120 on my latest bill.,billing
there is a bug in the calendar that needs to be fixed.,technical
my subscription renewed but i wanted to cancel the billing.,billing
is there a mobile app available for reports?,general
i get an error code 500 when i try to log in.,account
there is a bug in the reports that needs to be fixed.,technical
is there a mobile app available for billing?,general
the api is returning a null_ref error when i make a request.,technical
i want to delete my account and all of my data.,account
i would like to share some feedback about your service.,general
i would like to share some feedback about your service.,general
i was charged $19.99 twice on my mastercard card this month.,billing
i am experiencing issues with the reports functionality.,technical
the application is running slow and freezing frequently.,technical
the export button does nothing and throws error 500.,account
the application is running slow and freezing frequently.,technical
"i cannot reset my password, the email never arrives.",account
i need a refund for the duplicate payment of $49.,billing
the software is not compatible with my operating system.,technical
i need a refund for the duplicate payment of $19.99.,billing
the export button does nothing and throws error timeout.,account
my subscription renewed but i wanted to cancel the billing.,billing
my subscription renewed but i wanted to cancel the billing.,billing
the api is returning a timeout error when i make a request.,technical
the dashboard is not loading after the latest update.,account
i would like to share some feedback about your service.,general
how do i enable two factor authentication on my profile?,account
the api is returning a 500 error when i make a request.,technical
i was charged $9.99 twice on my amex card this month.,billing
the application is running slow and freezing frequently.,technical
the dashboard is not loading after the latest update.,general
there is a bug in the reports that needs to be fixed.,technical
i need a refund for the duplicate payment of $5.,billing
the software is not compatible with my operating system.,technical
my subscription renewed but i wanted to cancel the billing.,billing
please help me change the email address on my account.,account
do you offer a discount for students or non profits?,general
the application is running slow and freezing frequently.,technical
how do i enable two factor authentication on my profile?,account
what are your customer support working hours?,general
i was charged $5 twice on my mastercard card this month.,billing
do you offer a discount for students or non profits?,general
the app crashes every time i open the settings page.,account
the api is returning a 403 error when i make a request.,technical
i am experiencing issues with the calendar functionality.,technical
there is an unexpected fee of $49 on my latest bill.,billing
do you offer a discount for students or non profits?,technical
do you offer a discount for students or non profits?,general
"i cannot reset my password, the email never arrives.",account
the api is returning a 500 error when i make a request.,technical
i was charged $120 twice on my amex card this month.,billing
why is my invoice higher than the basic plan price?,billing
why is my invoice higher than the pro plan price?,billing
there is an unexpected fee of $5 on my latest bill.,billing
the export button does nothing and throws error timeout.,account
the app crashes every time i open the calendar page.,account
the software is not compatible with my operating system.,technical
what are your customer support working hours?,general
what are your customer support working hours?,general
what are your customer support working hours?,general
why is my invoice higher than the enterprise plan price?,billing
can you tell me more about the enterprise plan features?,general
the dashboard is not loading after the latest update.,account
can you tell me more about the enterprise plan features?,general
how do i enable two factor authentication on my profile?,account
my account is locked after too many login attempts.,account
i was charged $49 twice on my mastercard card this month.,billing
can you tell me more about the basic plan features?,general
i would like to share some feedback about your service.,general
the application is running slow and freezing frequently.,technical
the application is running slow and freezing frequently.,technical
why is my invoice higher than the enterprise plan price?,billing
there is an unexpected fee of $19.99 on my latest bill.,billing
what are your customer support working hours?,general
what are your customer support working hours?,billing
i was charged $19.99 twice on my amex card this month.,billing
the app crashes every time i open the reports page.,account
what are your customer support working hours?,general
my subscription renewed but i wanted to cancel the billing.,billing
why is my invoice higher than the basic plan price?,account
there is an unexpected fee of $19.99 on my latest bill.,billing
"i cannot reset my password, the email never arrives.",account
the application is running slow and freezing frequently.,technical
the api is returning a 403 error when i make a request.,technical
sync keeps failing between my phone and the web billing.,account
is there a mobile app available for reports?,general
the application is running slow and freezing frequently.,technical
i was charged $19.99 twice on my amex card this month.,billing
i want to delete my account and all of my data.,account
i want to delete my account and all of my data.,technical
the api is returning a 403 error when i make a request.,technical
please help me change the email address on my account.,account
the application is running slow and freezing frequently.,technical
i need a refund for the duplicate payment of $9.99.,billing
my subscription renewed but i wanted to cancel the billing.,billing
"i cannot reset my password, the email never arrives.",account
the export button does nothing and throws error null_ref.,general
i was charged $5 twice on my mastercard card this month.,billing
the dashboard is not loading after the latest update.,account
please help me change the email address on my account.,account
my account is locked after too many login attempts.,account
there is an unexpected fee of $9.99 on my latest bill.,billing
why is my invoice higher than the pro plan price?,technical
i need a refund for the duplicate payment of $19.99.,billing
i would like to share some feedback about your service.,general
my subscription renewed but i wanted to cancel the billing.,billing
what are your customer support working hours?,general
i want to delete my account and all of my data.,account
the api is returning a 403 error when i make a request.,technical
i am experiencing issues with the billing functionality.,technical
i am experiencing issues with the settings functionality.,technical
there is an unexpected fee of $19.99 on my latest bill.,billing
the api is returning a 500 error when i make a request.,technical
please help me change the email address on my account.,account
what are your customer support working hours?,general
my subscription renewed but i wanted to cancel the billing.,billing
i want to delete my account and all of my data.,account
how do i enable two factor authentication on my profile?,account
there is a bug in the billing that needs to be fixed.,technical
sync keeps failing between my phone and the web calendar.,account
the dashboard is not loading after the latest update.,account
i get an error code 403 when i try to log in.,account
i am experiencing issues with the billing functionality.,technical
i would like to share some feedback about your service.,general
my subscription renewed but i wanted to cancel the billing.,billing
i want to delete my account and all of my data.,account
the api is returning a 403 error when i make a request.,technical
how do i enable two factor authentication on my profile?,account
my subscription renewed but i wanted to cancel the billing.,billing
there is an unexpected fee of $5 on my latest bill.,billing
"i cannot reset my password, the email never arrives.",account
the api is returning a 403 error when i make a request.,technical
the app crashes every time i open the settings page.,account
my subscription renewed but i wanted to cancel the billing.,billing
i need a refund for the duplicate payment of $120.,billing
the api is returning a null_ref error when i make a request.,technical
is there a mobile app available for billing?,general
the api is returning a null_ref error when i make a request.,technical
what are your customer support working hours?,general
there is an unexpected fee of $49 on my latest bill.,billing
the app crashes every time i open the billing page.,account
the software is not compatible with my operating system.,technical
the api is returning a 500 error when i make a request.,technical
there is an unexpected fee of $49 on my latest bill.,billing
can you tell me more about the basic plan features?,general
the api is returning a timeout error when i make a request.,technical
i would like to share some feedback about your service.,general
can you tell me more about the pro plan features?,general
i would like to share some feedback about your service.,general
why is my invoice higher than the basic plan price?,billing
the app crashes every time i open the reports page.,account
please help me change the email address on my account.,account
my subscription renewed but i wanted to cancel the billing.,billing
i am experiencing issues with the billing functionality.,technical
the api is returning a 500 error when i make a request.,technical
do you offer a discount for students or non profits?,general
what are your customer support working hours?,general
i want to delete my account and all of my data.,account
the app crashes every time i open the reports page.,account
the export button does nothing and throws error null_ref.,account
the application is running slow and freezing frequently.,technical
do you offer a discount for students or non profits?,general
how do i enable two factor authentication on my profile?,account
i want to delete my account and all of my data.,account
the api is returning a 500 error when i make a request.,technical
is there a mobile app available for billing?,general
can you tell me more about the enterprise plan features?,general
the software is not compatible with my operating system.,technical
please help me change the email address on my account.,account
my subscription renewed but i wanted to cancel the billing.,billing
the application is running slow and freezing frequently.,technical
the application is running slow and freezing frequently.,account
the application is running slow and freezing frequently.,technical
is there a mobile app available for settings?,general
what are your customer support working hours?,general
the software is not compatible with my operating system.,account
there is a bug in the billing that needs to be fixed.,technical
my subscription renewed but i wanted to cancel the billing.,billing
my subscription renewed but i wanted to cancel the billing.,billing
i would like to share some feedback about your service.,general
i want to delete my account and all of my data.,account
can you tell me more about the enterprise plan features?,general
i would like to share some feedback about your service.,general
the software is not compatible with my operating system.,technical
i was charged $19.99 twice on my visa card this month.,billing
i would like to share some feedback about your service.,general
the dashboard is not loading after the latest update.,account
is there a mobile app available for settings?,billing
the api is returning a 403 error when i make a request.,technical
i am experiencing issues with the billing functionality.,account
what are your customer support working hours?,general
there is a bug in the reports that needs to be fixed.,billing
my subscription renewed but i wanted to cancel the billing.,billing
sync keeps failing between my phone and the web reports.,account
i need a refund for the duplicate payment of $120.,billing
i am experiencing issues with the settings functionality.,technical
why is my invoice higher than the enterprise plan price?,billing
i am experiencing issues with the calendar functionality.,technical
there is a bug in the billing that needs to be fixed.,billing
i would like to share some feedback about your service.,general
"i cannot reset my password, the email never arrives.",account
the application is running slow and freezing frequently.,technical
i get an error code 500 when i try to log in.,account
i am experiencing issues with the billing functionality.,technical
there is a bug in the billing that needs to be fixed.,technical
the application is running slow and freezing frequently.,technical
can you tell me more about the enterprise plan features?,general
the export button does nothing and throws error 403.,general
do you offer a discount for students or non profits?,general
is there a mobile app available for reports?,general
what are your customer support working hours?,general
the software is not compatible with my operating system.,technical
do you offer a discount for students or non profits?,general
the software is not compatible with my operating system.,technical
please help me change the email address on my account.,account
the api is returning a null_ref error when i make a request.,technical
i would like to share some feedback about your service.,general
what are your customer support working hours?,general
i get an error code 403 when i try to log in.,account
please help me change the email address on my account.,account
there is a bug in the calendar that needs to be fixed.,technical
do you offer a discount for students or non profits?,general
the api is returning a 403 error when i make a request.,account
what are your customer support working hours?,general
i am experiencing issues with the reports functionality.,technical
"i cannot reset my password, the email never arrives.",account
what are your customer support working hours?,general
is there a mobile app available for billing?,general
i need a refund for the duplicate payment of $120.,billing
i am experiencing issues with the settings functionality.,technical
my account is locked after too many login attempts.,account
i am experiencing issues with the calendar functionality.,technical
there is a bug in the calendar that needs to be fixed.,technical
there is an unexpected fee of $9.99 on my latest bill.,billing
my account is locked after too many login attempts.,account
i was charged $5 twice on my visa card this month.,billing
can you tell me more about the pro plan features?,general
the export button does nothing and throws error null_ref.,account
i would like to share some feedback about your service.,general
there is an unexpected fee of $120 on my latest bill.,billing
how do i enable two factor authentication on my profile?,account
what are your customer support working hours?,general
there is a bug in the calendar that needs to be fixed.,technical
i want to delete my account and all of my data.,account
my subscription renewed but i wanted to cancel the billing.,billing
sync keeps failing between my phone and the web reports.,account
how do i enable two factor authentication on my profile?,account
i need a refund for the duplicate payment of $120.,billing
what are your customer support working hours?,general
i was charged $49 twice on my mastercard card this month.,billing
please help me change the email address on my account.,account
what are your customer support working hours?,general
the api is returning a 403 error when i make a request.,technical
how do i enable two factor authentication on my profile?,account
i would like to share some feedback about your service.,general
what are your customer support working hours?,general
the application is running slow and freezing frequently.,technical
i am experiencing issues with the reports functionality.,technical
is there a mobile app available for reports?,general
do you offer a discount for students or non profits?,general
i would like to share some feedback about your service.,general
why is my invoice higher than the pro plan price?,billing
the app crashes every time i open the billing page.,account
my subscription renewed but i wanted to cancel the billing.,billing
can you tell me more about the pro plan features?,general
there is an unexpected fee of $49 on my latest bill.,billing
i want to delete my account and all of my data.,account
i would like to share some feedback about your service.,general
i get an error code null_ref when i try to log in.,account
what are your customer support working hours?,general
the application is running slow and freezing frequently.,technical
i would like to share some feedback about your service.,general
"i cannot reset my password, the email never arrives.",account
the application is running slow and freezing frequently.,technical
do you offer a discount for students or non profits?,general
i want to delete my account and all of my data.,account
i would like to share some feedback about your service.,general
there is a bug in the settings that needs to be fixed.,technical
the software is not compatible with my operating system.,technical
i was charged $120 twice on my amex card this month.,billing
there is a bug in the calendar that needs to be fixed.,technical
my subscription renewed but i wanted to cancel the billing.,billing
the application is running slow and freezing frequently.,technical
the api is returning a 403 error when i make a request.,billing
my subscription renewed but i wanted to cancel the billing.,billing
the dashboard is not loading after the latest update.,account
my account is locked after too many login attempts.,account
i was charged $9.99 twice on my mastercard card this month.,billing
i would like to share some feedback about your service.,general
please help me change the email address on my account.,account
do you offer a discount for students or non profits?,general
i was charged $19.99 twice on my mastercard card this month.,billing
i am experiencing issues with the billing functionality.,technical
the application is running slow and freezing frequently.,technical
the application is running slow and freezing frequently.,technical
i get an error code null_ref when i try to log in.,account
"i cannot reset my password, the email never arrives.",account
is there a mobile app available for reports?,general
is there a mobile app available for settings?,general
my subscription renewed but i wanted to cancel the billing.,billing
i was charged $19.99 twice on my mastercard card this month.,billing
the app crashes every time i open the settings page.,account
why is my invoice higher than the pro plan price?,technical
the api is returning a 403 error when i make a request.,general
i would like to share some feedback about your service.,general
the api is returning a 403 error when i make a request.,technical
what are your customer support working hours?,general
i would like to share some feedback about your service.,general
the application is running slow and freezing frequently.,technical
i need a refund for the duplicate payment of $5.,billing
there is a bug in the calendar that needs to be fixed.,technical
i get an error code timeout when i try to log in.,account
i was charged $120 twice on my amex card this month.,billing
i need a refund for the duplicate payment of $5.,billing
i was charged $49 twice on my visa card this month.,billing
my subscription renewed but i wanted to cancel the billing.,billing
there is a bug in the calendar that needs to be fixed.,technical
what are your customer support working hours?,general
my account is locked after too many login attempts.,account
i would like to share some feedback about your service.,billing
the software is not compatible with my operating system.,technical
i am experiencing issues with the settings functionality.,technical
how do i enable two factor authentication on my profile?,account
"i cannot reset my password, the email never arrives.",account
what are your customer support working hours?,general
i was charged $9.99 twice on my amex card this month.,billing
do you offer a discount for students or non profits?,general
i need a refund for the duplicate payment of $19.99.,billing
i need a refund for the duplicate payment of $5.,billing
i am experiencing issues with the calendar functionality.,technical
i need a refund for the duplicate payment of $9.99.,billing
the api is returning a timeout error when i make a request.,technical
i was charged $5 twice on my amex card this month.,billing
i need a refund for the duplicate payment of $19.99.,general
there is an unexpected fee of $5 on my latest bill.,billing
i want to delete my account and all of my data.,account
the api is returning a null_ref error when i make a request.,general
please help me change the email address on my account.,account
there is an unexpected fee of $19.99 on my latest bill.,billing
i get an error code timeout when i try to log in.,account
the software is not compatible with my operating system.,technical
i am experiencing issues with the reports functionality.,technical
i am experiencing issues with the reports functionality.,technical
i was charged $120 twice on my amex card this month.,billing
the dashboard is not loading after the latest update.,account
the app crashes every time i open the billing page.,account
the application is running slow and freezing frequently.,technical
sync keeps failing between my phone and the web billing.,account
the application is running slow and freezing frequently.,technical
my subscription renewed but i wanted to cancel the billing.,billing
there is an unexpected fee of $49 on my latest bill.,account
the api is returning a null_ref error when i make a request.,general
the application is running slow and freezing frequently.,technical
the api is returning a timeout error when i make a request.,technical
what are your customer support working hours?,general
sync keeps failing between my phone and the web calendar.,account
the app crashes every time i open the settings page.,account
can you tell me more about the pro plan features?,general
there is an unexpected fee of $49 on my latest bill.,billing
why is my invoice higher than the basic plan price?,account
i want to delete my account and all of my data.,account
"i cannot reset my password, the email never arrives.",account
the app crashes every time i open the calendar page.,account
the software is not compatible with my operating system.,technical
why is my invoice higher than the pro plan price?,billing
i would like to share some feedback about your service.,general
there is a bug in the billing that needs to be fixed.,technical
i am experiencing issues with the settings functionality.,technical
can you tell me more about the basic plan features?,general
my subscription renewed but i wanted to cancel the billing.,technical
why is my invoice higher than the enterprise plan price?,billing
do you offer a discount for students or non profits?,general
the software is not compatible with my operating system.,technical
there is a bug in the settings that needs to be fixed.,technical
i would like to share some feedback about your service.,general
do you offer a discount for students or non profits?,general
there is a bug in the billing that needs to be fixed.,general
do you offer a discount for students or non profits?,general
i need a refund for the duplicate payment of $120.,billing
sync keeps failing between my phone and the web reports.,account
how do i enable two factor authentication on my profile?,technical
"i cannot reset my password, the email never arrives.",account
there is an unexpected fee of $19.99 on my latest bill.,billing
there is an unexpected fee of $120 on my latest bill.,technical
i am experiencing issues with the billing functionality.,technical
what are your customer support working hours?,general
the api is returning a 500 error when i make a request.,technical
the app crashes every time i open the settings page.,account
the application is running slow and freezing frequently.,technical
there is an unexpected fee of $9.99 on my latest bill.,billing
do you offer a discount for students or non profits?,general
the api is returning a timeout error when i make a request.,technical
i get an error code timeout when i try to log in.,account
can you tell me more about the basic plan features?,general
why is my invoice higher than the basic plan price?,billing
i would like to share some feedback about your service.,general
the export button does nothing and throws error 403.,billing
i am experiencing issues with the billing functionality.,technical
my account is locked after too many login attempts.,account
how do i enable two factor authentication on my profile?,account
the api is returning a null_ref error when i make a request.,technical
how do i enable two factor authentication on my profile?,account
there is an unexpected fee of $120 on my latest bill.,billing
my account is locked after too many login attempts.,account
what are your customer support working hours?,general
the export button does nothing and throws error timeout.,account
there is an unexpected fee of $120 on my latest bill.,billing
i get an error code timeout when i try to log in.,account
i was charged $49 twice on my visa card this month.,billing
my account is locked after too many login attempts.,billing
the export button does nothing and throws error 403.,account
the software is not compatible with my operating system.,technical
do you offer a discount for students or non profits?,general
i need a refund for the duplicate payment of $120.,billing
there is a bug in the settings that needs to be fixed.,technical
my subscription renewed but i wanted to cancel the billing.,billing
i was charged $5 twice on my visa card this month.,billing
please help me change the email address on my account.,account
"i cannot reset my password, the email never arrives.",account
sync keeps failing between my phone and the web reports.,account
do you offer a discount for students or non profits?,general
there is an unexpected fee of $9.99 on my latest bill.,billing
how do i enable two factor authentication on my profile?,account
there is an unexpected fee of $19.99 on my latest bill.,billing
the application is running slow and freezing frequently.,technical
i would like to share some feedback about your service.,general
"i cannot reset my password, the email never arrives.",account
can you tell me more about the enterprise plan features?,general
there is an unexpected fee of $120 on my latest bill.,billing
my subscription renewed but i wanted to cancel the billing.,billing
how do i enable two factor authentication on my profile?,account
how do i enable two factor authentication on my profile?,account
the application is running slow and freezing frequently.,technical
why is my invoice higher than the pro plan price?,billing
why is my invoice higher than the enterprise plan price?,billing
the app crashes every time i open the calendar page.,account
the software is not compatible with my operating system.,technical
what are your customer support working hours?,general
i would like to share some feedback about your service.,general
my account is locked after too many login attempts.,general
the dashboard is not loading after the latest update.,account
how do i enable two factor authentication on my profile?,account
why is my invoice higher than the enterprise plan price?,billing
i want to delete my account and all of my data.,account
my subscription renewed but i wanted to cancel the billing.,billing
do you offer a discount for students or non profits?,general
sync keeps failing between my phone and the web settings.,account
there is an unexpected fee of $9.99 on my latest bill.,account
i would like to share some feedback about your service.,general
the application is running slow and freezing frequently.,technical
is there a mobile app available for settings?,general
i was charged $19.99 twice on my mastercard card this month.,billing
sync keeps failing between my phone and the web reports.,general
my account is locked after too many login attempts.,account
there is a bug in the billing that needs to be fixed.,technical
sync keeps failing between my phone and the web reports.,account
i need a refund for the duplicate payment of $120.,billing
i was charged $120 twice on my mastercard card this month.,billing
i want to delete my account and all of my data.,account
why is my invoice higher than the pro plan price?,billing
there is an unexpected fee of $49 on my latest bill.,general
the api is returning a null_ref error when i make a request.,technical
my account is locked after too many login attempts.,account
is there a mobile app available for billing?,general
i need a refund for the duplicate payment of $5.,billing
is there a mobile app available for settings?,general
is there a mobile app available for reports?,general
the dashboard is not loading after the latest update.,account
there is an unexpected fee of $120 on my latest bill.,billing
i was charged $19.99 twice on my visa card this month.,billing
the api is returning a 403 error when i make a request.,technical
my account is locked after too many login attempts.,account
"i cannot reset my password, the email never arrives.",account
my account is locked after too many login attempts.,account
i would like to share some feedback about your service.,general
the software is not compatible with my operating system.,general
is there a mobile app available for billing?,general
i get an error code 500 when i try to log in.,account
there is an unexpected fee of $9.99 on my latest bill.,billing
the api is returning a 500 error when i make a request.,technical
please help me change the email address on my account.,account
sync keeps failing between my phone and the web calendar.,account
i was charged $19.99 twice on my amex card this month.,billing
sync keeps failing between my phone and the web settings.,account
the software is not compatible with my operating system.,technical
there is a bug in the settings that needs to be fixed.,technical
i was charged $19.99 twice on my amex card this month.,billing
i need a refund for the duplicate payment of $49.,billing
i would like to share some feedback about your service.,general
why is my invoice higher than the enterprise plan price?,billing
the application is running slow and freezing frequently.,technical
i need a refund for the duplicate payment of $120.,billing
the api is returning a 403 error when i make a request.,technical
the api is returning a null_ref error when i make a request.,technical
is there a mobile app available for settings?,general
do you offer a discount for students or non profits?,general
i get an error code null_ref when i try to log in.,technical
there is a bug in the settings that needs to be fixed.,technical
the dashboard is not loading after the latest update.,account
i am experiencing issues with the reports functionality.,technical
what are your customer support working hours?,general
do you offer a discount for students or non profits?,general
my subscription renewed but i wanted to cancel the billing.,billing
please help me change the email address on my account.,account
there is an unexpected fee of $120 on my latest bill.,billing
"i cannot reset my password, the email never arrives.",account
"i cannot reset my password, the email never arrives.",billing
there is an unexpected fee of $19.99 on my latest bill.,billing
i was charged $49 twice on my mastercard card this month.,billing
my subscription renewed but i wanted to cancel the billing.,billing
the application is running slow and freezing frequently.,technical
why is my invoice higher than the basic plan price?,billing
is there a mobile app available for reports?,general
why is my invoice higher than the basic plan price?,billing
i was charged $49 twice on my amex card this month.,billing
what are your customer support working hours?,general
the application is running slow and freezing frequently.,technical
there is a bug in the billing that needs to be fixed.,technical
what are your customer support working hours?,general
the app crashes every time i open the settings page.,account
i was charged $19.99 twice on my mastercard card this month.,billing
i need a refund for the duplicate payment of $19.99.,billing
i was charged $120 twice on my amex card this month.,account
how do i enable two factor authentication on my profile?,account
i was charged $19.99 twice on my visa card this month.,billing
is there a mobile app available for calendar?,technical
is there a mobile app available for settings?,general
my subscription renewed but i wanted to cancel the billing.,technical
do you offer a discount for students or non profits?,general
"i cannot reset my password, the email never arrives.",account
the app crashes every time i open the reports page.,general
i am experiencing issues with the calendar functionality.,technical
my account is locked after too many login attempts.,account
the api is returning a 500 error when i make a request.,technical
the software is not compatible with my operating system.,technical
what are your customer support working hours?,billing
my subscription renewed but i wanted to cancel the billing.,billing
why is my invoice higher than the pro plan price?,billing
i would like to share some feedback about your service.,general
the software is not compatible with my operating system.,technical
there is an unexpected fee of $9.99 on my latest bill.,billing
how do i enable two factor authentication on my profile?,account
the api is returning a 403 error when i make a request.,technical
the application is running slow and freezing frequently.,technical
do you offer a discount for students or non profits?,general
please help me change the email address on my account.,account
"i cannot reset my password, the email never arrives.",account
the api is returning a null_ref error when i make a request.,technical
the api is returning a timeout error when i make a request.,technical
the app crashes every time i open the settings page.,account
the app crashes every time i open the reports page.,account
i was charged $9.99 twice on my mastercard card this month.,billing
the app crashes every time i open the settings page.,account
i was charged $49 twice on my amex card this month.,billing
my subscription renewed but i wanted to cancel the billing.,billing
the application is running slow and freezing frequently.,technical
there is a bug in the reports that needs to be fixed.,technical
the dashboard is not loading after the latest update.,account
i would like to share some feedback about your service.,general
"i cannot reset my password, the email never arrives.",account
"i cannot reset my password, the email never arrives.",account
can you tell me more about the basic plan features?,general
i was charged $19.99 twice on my visa card this month.,billing
the software is not compatible with my operating system.,technical
is there a mobile app available for reports?,general
the application is running slow and freezing frequently.,technical
the software is not compatible with my operating system.,technical
i need a refund for the duplicate payment of $9.99.,billing
i am experiencing issues with the reports functionality.,technical
why is my invoice higher than the enterprise plan price?,billing
there is an unexpected fee of $19.99 on my latest bill.,general
the application is running slow and freezing frequently.,technical
there is a bug in the calendar that needs to be fixed.,account
the software is not compatible with my operating system.,technical
can you tell me more about the pro plan features?,technical
what are your customer support working hours?,general
the software is not compatible with my operating system.,technical
the api is returning a timeout error when i make a request.,technical
the application is running slow and freezing frequently.,technical
why is my invoice higher than the basic plan price?,billing
i was charged $120 twice on my visa card this month.,billing
the export button does nothing and throws error 403.,account
i was charged $120 twice on my visa card this month.,billing
i am experiencing issues with the settings functionality.,technical
how do i enable two factor authentication on my profile?,account
my subscription renewed but i wanted to cancel the billing.,billing
what are your customer support working hours?,general
i need a refund for the duplicate payment of $19.99.,billing
do you offer a discount for students or non profits?,general
i would like to share some feedback about your service.,general
the application is running slow and freezing frequently.,technical
the export button does nothing and throws error 500.,account
do you offer a discount for students or non profits?,general
the export button does nothing and throws error null_ref.,account
the app crashes every time i open the calendar page.,account
the api is returning a timeout error when i make a request.,technical
why is my invoice higher than the enterprise plan price?,general
can you tell me more about the pro plan features?,general
sync keeps failing between my phone and the web reports.,account
"i cannot reset my password, the email never arrives.",account
what are your customer support working hours?,general
do you offer a discount for students or non profits?,general
do you offer a discount for students or non profits?,billing
can you tell me more about the pro plan features?,general
the dashboard is not loading after the latest update.,account
is there a mobile app available for billing?,general
i am experiencing issues with the reports functionality.,technical
there is an unexpected fee of $49 on my latest bill.,billing
do you offer a discount for students or non profits?,general
the api is returning a null_ref error when i make a request.,technical
i want to delete my account and all of my data.,account
do you offer a discount for students or non profits?,general
sync keeps failing between my phone and the web billing.,account
i was charged $19.99 twice on my visa card this month.,billing
the software is not compatible with my operating system.,technical
how do i enable two factor authentication on my profile?,account
i need a refund for the duplicate payment of $5.,billing
do you offer a discount for students or non profits?,general
what are your customer support working hours?,general
the app crashes every time i open the billing page.,account
what are your customer support working hours?,general
the api is returning a timeout error when i make a request.,technical
there is an unexpected fee of $19.99 on my latest bill.,billing
why is my invoice higher than the enterprise plan price?,billing
how do i enable two factor authentication on my profile?,account
"i cannot reset my password, the email never arrives.",account
why is my invoice higher than the pro plan price?,billing
i am experiencing issues with the settings functionality.,technical
please help me change the email address on my account.,account
i get an error code null_ref when i try to log in.,account
i was charged $120 twice on my mastercard card this month.,account
the export button does nothing and throws error 403.,account
i am experiencing issues with the billing functionality.,technical
is there a mobile app available for settings?,general
i need a refund for the duplicate payment of $49.,billing
the api is returning a 500 error when i make a request.,technical
the dashboard is not loading after the latest update.,account
the app crashes every time i open the settings page.,account
is there a mobile app available for billing?,general
can you tell me more about the basic plan features?,general
the dashboard is not loading after the latest update.,account
i am experiencing issues with the billing functionality.,technical
please help me change the email address on my account.,account
my subscription renewed but i wanted to cancel the billing.,billing
the app crashes every time i open the settings page.,account
do you offer a discount for students or non profits?,general
why is my invoice higher than the enterprise plan price?,billing
i was charged $19.99 twice on my mastercard card this month.,billing
there is an unexpected fee of $49 on my latest bill.,billing
what are your customer support working hours?,general
the software is not compatible with my operating system.,technical
the export button does nothing and throws error null_ref.,account
the application is running slow and freezing frequently.,technical
what are your customer support working hours?,general
can you tell me more about the basic plan features?,general
"i cannot reset my password, the email never arrives.",account
what are your customer support working hours?,general
do you offer a discount for students or non profits?,billing
i get an error code timeout when i try to log in.,account
the software is not compatible with my operating system.,technical
there is a bug in the reports that needs to be fixed.,technical
can you tell me more about the enterprise plan features?,general
the api is returning a 500 error when i make a request.,technical
there is an unexpected fee of $49 on my latest bill.,billing
i would like to share some feedback about your service.,general
is there a mobile app available for billing?,general
the api is returning a 403 error when i make a request.,account
the app crashes every time i open the reports page.,account
what are your customer support working hours?,general
there is an unexpected fee of $5 on my latest bill.,billing
is there a mobile app available for reports?,general
my account is locked after too many login attempts.,account
there is a bug in the settings that needs to be fixed.,technical
why is my invoice higher than the pro plan price?,billing
i need a refund for the duplicate payment of $5.,billing
there is a bug in the settings that needs to be fixed.,technical
the api is returning a timeout error when i make a request.,technical
i would like to share some feedback about your service.,general
"i cannot reset my password, the email never arrives.",account
can you tell me more about the basic plan features?,general
there is a bug in the settings that needs to be fixed.,technical
there is an unexpected fee of $19.99 on my latest bill.,billing
why is my invoice higher than the basic plan price?,billing
i am experiencing issues with the billing functionality.,technical
the api is returning a null_ref error when i make a request.,technical
is there a mobile app available for settings?,general
there is an unexpected fee of $9.99 on my latest bill.,billing
please help me change the email address on my account.,account
the dashboard is not loading after the latest update.,account
"i cannot reset my password, the email never arrives.",account
my subscription renewed but i wanted to cancel the billing.,billing
i was charged $49 twice on my amex card this month.,billing
the api is returning a timeout error when i make a request.,technical
the software is not compatible with my operating system.,technical
my subscription renewed but i wanted to cancel the billing.,billing
there is a bug in the reports that needs to be fixed.,technical
do you offer a discount for students or non profits?,general
i need a refund for the duplicate payment of $19.99.,billing
the api is returning a 403 error when i make a request.,billing
please help me change the email address on my account.,account
the application is running slow and freezing frequently.,technical
i want to delete my account and all of my data.,account
there is a bug in the calendar that needs to be fixed.,technical
how do i enable two factor authentication on my profile?,account
please help me change the email address on my account.,account
why is my invoice higher than the enterprise plan price?,billing
the software is not compatible with my operating system.,technical
what are your customer support working hours?,general
i need a refund for the duplicate payment of $5.,billing
sync keeps failing between my phone and the web calendar.,account
how do i enable two factor authentication on my profile?,account
the application is running slow and freezing frequently.,technical
sync keeps failing between my phone and the web reports.,technical
what are your customer support working hours?,general
i get an error code null_ref when i try to log in.,account
can you tell me more about the basic plan features?,general
i need a refund for the duplicate payment of $5.,billing
sync keeps failing between my phone and the web settings.,account
sync keeps failing between my phone and the web calendar.,account
please help me change the email address on my account.,account
do you offer a discount for students or non profits?,billing
is there a mobile app available for calendar?,general
do you offer a discount for students or non profits?,general
why is my invoice higher than the basic plan price?,billing
the application is running slow and freezing frequently.,technical
i need a refund for the duplicate payment of $9.99.,billing
i am experiencing issues with the reports functionality.,technical
i would like to share some feedback about your service.,general
i was charged $19.99 twice on my visa card this month.,billing
the application is running slow and freezing frequently.,technical
please help me change the email address on my account.,account
how do i enable two factor authentication on my profile?,account
i need a refund for the duplicate payment of $9.99.,billing
the api is returning a 500 error when i make a request.,technical
how do i enable two factor authentication on my profile?,account
sync keeps failing between my phone and the web billing.,account
why is my invoice higher than the enterprise plan price?,billing
the software is not compatible with my operating system.,technical
do you offer a discount for students or non profits?,general
i was charged $9.99 twice on my mastercard card this month.,billing
i was charged $19.99 twice on my amex card this month.,account
please help me change the email address on my account.,account
sync keeps failing between my phone and the web reports.,account
i am experiencing issues with the billing functionality.,technical
my subscription renewed but i wanted to cancel the billing.,billing
i need a refund for the duplicate payment of $9.99.,general
my account is locked after too many login attempts.,account
my subscription renewed but i wanted to cancel the billing.,billing
the api is returning a timeout error when i make a request.,technical
the software is not compatible with my operating system.,technical
why is my invoice higher than the pro plan price?,billing
i was charged $49 twice on my mastercard card this month.,billing
the application is running slow and freezing frequently.,technical
i need a refund for the duplicate payment of $5.,billing
why is my invoice higher than the enterprise plan price?,billing
i would like to share some feedback about your service.,general
what are your customer support working hours?,general
i was charged $5 twice on my amex card this month.,technical
do you offer a discount for students or non profits?,general
the application is running slow and freezing frequently.,technical
my subscription renewed but i wanted to cancel the billing.,billing
please help me change the email address on my account.,account
i would like to share some feedback about your service.,general
the dashboard is not loading after the latest update.,account
the dashboard is not loading after the latest update.,account
the software is not compatible with my operating system.,technical
the api is returning a 500 error when i make a request.,technical
what are your customer support working hours?,general
do you offer a discount for students or non profits?,general
the application is running slow and freezing frequently.,technical
can you tell me more about the enterprise plan features?,general
i am experiencing issues with the billing functionality.,technical
i get an error code timeout when i try to log in.,account
i need a refund for the duplicate payment of $19.99.,technical
there is a bug in the calendar that needs to be fixed.,technical
why is my invoice higher than the enterprise plan price?,billing
the app crashes every time i open the calendar page.,account
do you offer a discount for students or non profits?,general
there is a bug in the settings that needs to be fixed.,billing
the api is returning a null_ref error when i make a request.,technical
the dashboard is not loading after the latest update.,account
i need a refund for the duplicate payment of $120.,billing
i was charged $19.99 twice on my visa card this month.,billing
can you tell me more about the basic plan features?,account
i would like to share some feedback about your service.,general
the api is returning a null_ref error when i make a request.,technical
what are your customer support working hours?,general
the api is returning a timeout error when i make a request.,technical
what are your customer support working hours?,general
how do i enable two factor authentication on my profile?,billing
do you offer a discount for students or non profits?,general
why is my invoice higher than the pro plan price?,billing
can you tell me more about the pro plan features?,general
the software is not compatible with my operating system.,general
sync keeps failing between my phone and the web calendar.,account
my subscription renewed but i wanted to cancel the billing.,billing
i would like to share some feedback about your service.,technical
i need a refund for the duplicate payment of $5.,billing
there is a bug in the calendar that needs to be fixed.,technical
there is an unexpected fee of $5 on my latest bill.,billing
i need a refund for the duplicate payment of $5.,technical
i was charged $49 twice on my amex card this month.,billing
the application is running slow and freezing frequently.,technical
the application is running slow and freezing frequently.,technical
i am experiencing issues with the calendar functionality.,technical
i am experiencing issues with the settings functionality.,technical
i am experiencing issues with the reports functionality.,technical
is there a mobile app available for reports?,general
i get an error code null_ref when i try to log in.,account
the application is running slow and freezing frequently.,technical
what are your customer support working hours?,general
there is a bug in the billing that needs to be fixed.,technical
i was charged $19.99 twice on my visa card this month.,technical
can you tell me more about the enterprise plan features?,general
i need a refund for the duplicate payment of $120.,billing
my account is locked after too many login attempts.,account
my subscription renewed but i wanted to cancel the billing.,billing
the software is not compatible with my operating system.,technical
do you offer a discount for students or non profits?,general
there is a bug in the calendar that needs to be fixed.,technical
i am experiencing issues with the calendar functionality.,technical
there is an unexpected fee of $9.99 on my latest bill.,billing
is there a mobile app available for calendar?,general
can you tell me more about the basic plan features?,general
what are your customer support working hours?,general
i need a refund for the duplicate payment of $19.99.,billing
sync keeps failing between my phone and the web billing.,account
i would like to share some feedback about your service.,general
do you offer a discount for students or non profits?,general
my subscription renewed but i wanted to cancel the billing.,billing
i want to delete my account and all of my data.,account
i get an error code 500 when i try to log in.,technical
i want to delete my account and all of my data.,account
what are your customer support working hours?,general
the api is returning a null_ref error when i make a request.,technical
there is an unexpected fee of $49 on my latest bill.,billing
the software is not compatible with my operating system.,technical
how do i enable two factor authentication on my profile?,account
can you tell me more about the pro plan features?,general
why is my invoice higher than the enterprise plan price?,account
sync keeps failing between my phone and the web settings.,account
there is a bug in the calendar that needs to be fixed.,technical
i was charged $19.99 twice on my mastercard card this month.,billing
the api is returning a 500 error when i make a request.,technical
can you tell me more about the pro plan features?,general
why is my invoice higher than the pro plan price?,billing
my account is locked after too many login attempts.,account
the application is running slow and freezing frequently.,account
there is a bug in the calendar that needs to be fixed.,general
why is my invoice higher than the enterprise plan price?,account
is there a mobile app available for settings?,general
my subscription renewed but i wanted to cancel the billing.,billing
there is a bug in the reports that needs to be fixed.,technical
there is an unexpected fee of $5 on my latest bill.,billing
the export button does nothing and throws error 403.,account
the dashboard is not loading after the latest update.,account
i need a refund for the duplicate payment of $49.,billing
the software is not compatible with my operating system.,technical
my subscription renewed but i wanted to cancel the billing.,billing
the api is returning a 500 error when i make a request.,technical
is there a mobile app available for reports?,billing
can you tell me more about the pro plan features?,general
please help me change the email address on my account.,account
what are your customer support working hours?,general
i want to delete my account and all of my data.,account
the software is not compatible with my operating system.,technical
is there a mobile app available for reports?,general
i want to delete my account and all of my data.,account
i am experiencing issues with the settings functionality.,technical
what are your customer support working hours?,general
why is my invoice higher than the pro plan price?,billing
can you tell me more about the pro plan features?,general
i was charged $9.99 twice on my amex card this month.,billing
my subscription renewed but i wanted to cancel the billing.,billing
do you offer a discount for students or non profits?,account
the export button does nothing and throws error 500.,account
there is a bug in the settings that needs to be fixed.,technical
why is my invoice higher than the enterprise plan price?,billing
there is an unexpected fee of $120 on my latest bill.,billing
there is a bug in the reports that needs to be fixed.,technical
can you tell me more about the enterprise plan features?,account
i get an error code 403 when i try to log in.,account
the api is returning a timeout error when i make a request.,technical
i need a refund for the duplicate payment of $49.,billing
the application is running slow and freezing frequently.,technical
i need a refund for the duplicate payment of $9.99.,billing
i am experiencing issues with the reports functionality.,technical
do you offer a discount for students or non profits?,general
why is my invoice higher than the basic plan price?,billing
can you tell me more about the enterprise plan features?,general
can you tell me more about the basic plan features?,general
is there a mobile app available for calendar?,general
is there a mobile app available for reports?,general
why is my invoice higher than the pro plan price?,billing
the software is not compatible with my operating system.,technical
what are your customer support working hours?,general
please help me change the email address on my account.,account
do you offer a discount for students or non profits?,general
there is an unexpected fee of $9.99 on my latest bill.,billing
i am experiencing issues with the calendar functionality.,technical
what are your customer support working hours?,general
i was charged $5 twice on my mastercard card this month.,billing
what are your customer support working hours?,general
i was charged $9.99 twice on my amex card this month.,billing
can you tell me more about the enterprise plan features?,general
there is an unexpected fee of $49 on my latest bill.,billing
do you offer a discount for students or non profits?,general
sync keeps failing between my phone and the web billing.,account
the application is running slow and freezing frequently.,technical
the api is returning a 403 error when i make a request.,technical
why is my invoice higher than the basic plan price?,billing
there is an unexpected fee of $120 on my latest bill.,billing
the app crashes every time i open the billing page.,account
sync keeps failing between my phone and the web billing.,account
why is my invoice higher than the pro plan price?,billing
i want to delete my account and all of my data.,account
do you offer a discount for students or non profits?,general
my subscription renewed but i wanted to cancel the billing.,billing
please help me change the email address on my account.,account
i was charged $19.99 twice on my mastercard card this month.,billing
do you offer a discount for students or non profits?,general
the api is returning a timeout error when i make a request.,technical
do you offer a discount for students or non profits?,general
what are your customer support working hours?,general
why is my invoice higher than the pro plan price?,billing
i need a refund for the duplicate payment of $9.99.,billing
do you offer a discount for students or non profits?,general
the export button does nothing and throws error 403.,account
why is my invoice higher than the basic plan price?,billing
i would like to share some feedback about your service.,technical
the api is returning a 500 error when i make a request.,technical
how do i enable two factor authentication on my profile?,account
why is my invoice higher than the enterprise plan price?,billing
what are your customer support working hours?,general
i am experiencing issues with the billing functionality.,general
the application is running slow and freezing frequently.,technical
my subscription renewed but i wanted to cancel the billing.,billing
i would like to share some feedback about your service.,general
the application is running slow and freezing frequently.,technical
i need a refund for the duplicate payment of $19.99.,billing
how do i enable two factor authentication on my profile?,account
i am experiencing issues with the settings functionality.,technical
do you offer a discount for students or non profits?,general
i was charged $120 twice on my mastercard card this month.,billing
the app crashes every time i open the settings page.,account
the application is running slow and freezing frequently.,technical
i would like to share some feedback about your service.,general
is there a mobile app available for reports?,general
i need a refund for the duplicate payment of $49.,billing
can you tell me more about the basic plan features?,general
i was charged $49 twice on my amex card this month.,billing
do you offer a discount for students or non profits?,general
i am experiencing issues with the calendar functionality.,technical
there is an unexpected fee of $5 on my latest bill.,billing
i was charged $5 twice on my mastercard card this month.,billing
is there a mobile app available for calendar?,general
why is my invoice higher than the pro plan price?,billing
the api is returning a 403 error when i make a request.,technical
the app crashes every time i open the settings page.,account
there is a bug in the calendar that needs to be fixed.,technical
the app crashes every time i open the billing page.,account
the dashboard is not loading after the latest update.,account
please help me change the email address on my account.,account
what are your customer support working hours?,technical
i would like to share some feedback about your service.,general
my account is locked after too many login attempts.,account
how do i enable two factor authentication on my profile?,account
is there a mobile app available for billing?,general
there is a bug in the billing that needs to be fixed.,technical
can you tell me more about the enterprise plan features?,general
the software is not compatible with my operating system.,technical
can you tell me more about the basic plan features?,general
what are your customer support working hours?,account
there is a bug in the reports that needs to be fixed.,technical
can you tell me more about the pro plan features?,general
there is a bug in the settings that needs to be fixed.,technical
i need a refund for the duplicate payment of $19.99.,billing
i would like to share some feedback about your service.,general
i get an error code null_ref when i try to log in.,account
can you tell me more about the basic plan features?,billing
the api is returning a 500 error when i make a request.,technical
do you offer a discount for students or non profits?,general
the api is returning a 500 error when i make a request.,account
what are your customer support working hours?,general
the software is not compatible with my operating system.,technical
the application is running slow and freezing frequently.,technical
there is a bug in the calendar that needs to be fixed.,technical
i am experiencing issues with the calendar functionality.,technical
is there a mobile app available for calendar?,general
i would like to share some feedback about your service.,general
my subscription renewed but i wanted to cancel the billing.,billing
do you offer a discount for students or non profits?,general
i would like to share some feedback about your service.,account
do you offer a discount for students or non profits?,general
what are your customer support working hours?,general
i was charged $49 twice on my visa card this month.,billing
i need a refund for the duplicate payment of $9.99.,billing
do you offer a discount for students or non profits?,general
is there a mobile app available for settings?,general
why is my invoice higher than the enterprise plan price?,billing
is there a mobile app available for billing?,billing
i am experiencing issues with the settings functionality.,technical
please help me change the email address on my account.,account
the application is running slow and freezing frequently.,general
how do i enable two factor authentication on my profile?,account
i am experiencing issues with the reports functionality.,technical
my account is locked after too many login attempts.,account
i would like to share some feedback about your service.,billing
please help me change the email address on my account.,account
i am experiencing issues with the reports functionality.,technical
i need a refund for the duplicate payment of $9.99.,billing
do you offer a discount for students or non profits?,general
please help me change the email address on my account.,account
the software is not compatible with my operating system.,technical
the software is not compatible with my operating system.,technical
there is a bug in the settings that needs to be fixed.,technical
there is a bug in the reports that needs to be fixed.,technical
i would like to share some feedback about your service.,account
do you offer a discount for students or non profits?,general
my subscription renewed but i wanted to cancel the billing.,billing
the software is not compatible with my operating system.,technical
there is an unexpected fee of $120 on my latest bill.,billing
the software is not compatible with my operating system.,technical
my subscription renewed but i wanted to cancel the billing.,general
what are your customer support working hours?,general
the dashboard is not loading after the latest update.,account
i need a refund for the duplicate payment of $120.,billing
the dashboard is not loading after the latest update.,account
do you offer a discount for students or non profits?,general
i am experiencing issues with the reports functionality.,technical
is there a mobile app available for settings?,general
please help me change the email address on my account.,general
do you offer a discount for students or non profits?,general
sync keeps failing between my phone and the web reports.,account
i would like to share some feedback about your service.,general
there is an unexpected fee of $9.99 on my latest bill.,billing
is there a mobile app available for settings?,general
is there a mobile app available for calendar?,general
what are your customer support working hours?,general
i am experiencing issues with the reports functionality.,technical
is there a mobile app available for reports?,general
there is a bug in the settings that needs to be fixed.,technical
the app crashes every time i open the billing page.,account
i am experiencing issues with the reports functionality.,technical
the dashboard is not loading after the latest update.,account
there is a bug in the billing that needs to be fixed.,technical
my subscription renewed but i wanted to cancel the billing.,billing
can you tell me more about the enterprise plan features?,general
there is a bug in the settings that needs to be fixed.,technical
there is an unexpected fee of $120 on my latest bill.,billing
is there a mobile app available for calendar?,general
i would like to share some feedback about your service.,general
the app crashes every time i open the calendar page.,account
i get an error code 403 when i try to log in.,account
there is an unexpected fee of $19.99 on my latest bill.,billing
i need a refund for the duplicate payment of $19.99.,billing
my account is locked after too many login attempts.,account
can you tell me more about the pro plan features?,general
do you offer a discount for students or non profits?,technical
why is my invoice higher than the enterprise plan price?,billing
i was charged $120 twice on my amex card this month.,billing
there is an unexpected fee of $5 on my latest bill.,billing
the application is running slow and freezing frequently.,technical
how do i enable two factor authentication on my profile?,general
the application is running slow and freezing frequently.,technical
i would like to share some feedback about your service.,general
sync keeps failing between my phone and the web calendar.,account
the api is returning a 403 error when i make a request.,technical
the api is returning a null_ref error when i make a request.,technical
my subscription renewed but i wanted to cancel the billing.,billing
there is a bug in the reports that needs to be fixed.,technical
the dashboard is not loading after the latest update.,account
i need a refund for the duplicate payment of $49.,technical
my subscription renewed but i wanted to cancel the billing.,billing
"i cannot reset my password, the email never arrives.",account
the application is running slow and freezing frequently.,technical
can you tell me more about the pro plan features?,general
please help me change the email address on my account.,account
there is an unexpected fee of $19.99 on my latest bill.,billing
the dashboard is not loading after the latest update.,account
the software is not compatible with my operating system.,technical
why is my invoice higher than the basic plan price?,billing
i am experiencing issues with the settings functionality.,technical
the application is running slow and freezing frequently.,technical
i am experiencing issues with the settings functionality.,technical
i need a refund for the duplicate payment of $5.,billing
how do i enable two factor authentication on my profile?,account
the api is returning a timeout error when i make a request.,technical
do you offer a discount for students or non profits?,general
there is a bug in the billing that needs to be fixed.,technical
i need a refund for the duplicate payment of $5.,billing
the application is running slow and freezing frequently.,technical
my account is locked after too many login attempts.,account
can you tell me more about the pro plan features?,general
is there a mobile app available for settings?,general
is there a mobile app available for billing?,general
the application is running slow and freezing frequently.,technical
i need a refund for the duplicate payment of $19.99.,billing
my subscription renewed but i wanted to cancel the billing.,billing
i would like to share some feedback about your service.,general
i need a refund for the duplicate payment of $120.,billing
i need a refund for the duplicate payment of $19.99.,billing
i would like to share some feedback about your service.,general
i need a refund for the duplicate payment of $120.,billing
the export button does nothing and throws error timeout.,account
the api is returning a 403 error when i make a request.,technical
my subscription renewed but i wanted to cancel the billing.,billing
what are your customer support working hours?,general
there is a bug in the settings that needs to be fixed.,technical
i want to delete my account and all of my data.,account
do you offer a discount for students or non profits?,general
is there a mobile app available for settings?,general
the application is running slow and freezing frequently.,technical
i get an error code null_ref when i try to log in.,account
the application is running slow and freezing frequently.,technical
i was charged $9.99 twice on my visa card this month.,billing
i am experiencing issues with the billing functionality.,technical
the api is returning a 500 error when i make a request.,technical
i need a refund for the duplicate payment of $19.99.,billing
is there a mobile app available for billing?,general
why is my invoice higher than the enterprise plan price?,billing
the api is returning a null_ref error when i make a request.,account
can you tell me more about the pro plan features?,general
i would like to share some feedback about your service.,general
i was charged $19.99 twice on my amex card this month.,billing
my subscription renewed but i wanted to cancel the billing.,billing
i was charged $120 twice on my amex card this month.,billing
i would like to share some feedback about your service.,general
i get an error code timeout when i try to log in.,technical
can you tell me more about the basic plan features?,general
can you tell me more about the enterprise plan features?,general
i need a refund for the duplicate payment of $5.,billing
how do i enable two factor authentication on my profile?,account
the export button does nothing and throws error 500.,account
i get an error code timeout when i try to log in.,account
do you offer a discount for students or non profits?,general
i need a refund for the duplicate payment of $5.,billing
my account is locked after too many login attempts.,account
the software is not compatible with my operating system.,technical
why is my invoice higher than the enterprise plan price?,billing
what are your customer support working hours?,general
the software is not compatible with my operating system.,technical
is there a mobile app available for settings?,general
why is my invoice higher than the enterprise plan price?,billing
i would like to share some feedback about your service.,general
the software is not compatible with my operating system.,technical
the app crashes every time i open the reports page.,account
the software is not compatible with my operating system.,technical
the software is not compatible with my operating system.,technical
do you offer a discount for students or non profits?,general
the software is not compatible with my operating system.,technical
what are your customer support working hours?,general
the app crashes every time i open the billing page.,account
the dashboard is not loading after the latest update.,account
i need a refund for the duplicate payment of $120.,billing
the software is not compatible with my operating system.,technical
why is my invoice higher than the enterprise plan price?,billing
the software is not compatible with my operating system.,technical
the export button does nothing and throws error timeout.,account
i am experiencing issues with the settings functionality.,technical
i get an error code 500 when i try to log in.,account
sync keeps failing between my phone and the web calendar.,account
my subscription renewed but i wanted to cancel the billing.,billing
the application is running slow and freezing frequently.,technical
i am experiencing issues with the calendar functionality.,technical
what are your customer support working hours?,general
the dashboard is not loading after the latest update.,account
i am experiencing issues with the billing functionality.,technical
my subscription renewed but i wanted to cancel the billing.,billing
my account is locked after too many login attempts.,account
i am experiencing issues with the settings functionality.,technical
i get an error code null_ref when i try to log in.,account
is there a mobile app available for reports?,general
what are your customer support working hours?,general
the application is running slow and freezing frequently.,technical
is there a mobile app available for reports?,general
why is my invoice higher than the pro plan price?,billing
i am experiencing issues with the billing functionality.,technical
i would like to share some feedback about your service.,general
why is my invoice higher than the pro plan price?,billing
can you tell me more about the enterprise plan features?,general
my account is locked after too many login attempts.,account
the application is running slow and freezing frequently.,technical
the application is running slow and freezing frequently.,technical
"i cannot reset my password, the email never arrives.",account
can you tell me more about the basic plan features?,general
is there a mobile app available for reports?,general
is there a mobile app available for reports?,general
there is a bug in the settings that needs to be fixed.,technical
why is my invoice higher than the enterprise plan price?,billing
the software is not compatible with my operating system.,technical
i was charged $9.99 twice on my visa card this month.,billing
i would like to share some feedback about your service.,general
how do i enable two factor authentication on my profile?,account
my subscription renewed but i wanted to cancel the billing.,billing
the application is running slow and freezing frequently.,technical
what are your customer support working hours?,general
can you tell me more about the enterprise plan features?,general
there is an unexpected fee of $5 on my latest bill.,billing
i am experiencing issues with the settings functionality.,technical
the export button does nothing and throws error timeout.,account
can you tell me more about the enterprise plan features?,technical
i need a refund for the duplicate payment of $19.99.,billing
can you tell me more about the basic plan features?,general
i would like to share some feedback about your service.,general
the software is not compatible with my operating system.,technical
the software is not compatible with my operating system.,technical
my subscription renewed but i wanted to cancel the billing.,billing
the application is running slow and freezing frequently.,technical
the api is returning a 500 error when i make a request.,technical
my account is locked after too many login attempts.,account
the application is running slow and freezing frequently.,technical
my subscription renewed but i wanted to cancel the billing.,billing
is there a mobile app available for settings?,general
i am experiencing issues with the settings functionality.,technical
do you offer a discount for students or non profits?,general
is there a mobile app available for reports?,general
is there a mobile app available for calendar?,account
there is an unexpected fee of $5 on my latest bill.,billing
"i cannot reset my password, the email never arrives.",account
the export button does nothing and throws error 403.,account
can you tell me more about the basic plan features?,general
my account is locked after too many login attempts.,general
i am experiencing issues with the settings functionality.,technical
i am experiencing issues with the calendar functionality.,technical
sync keeps failing between my phone and the web calendar.,account
there is an unexpected fee of $9.99 on my latest bill.,billing
my subscription renewed but i wanted to cancel the billing.,technical
sync keeps failing between my phone and the web calendar.,account
do you offer a discount for students or non profits?,general
what are your customer support working hours?,general
there is an unexpected fee of $49 on my latest bill.,billing
there is an unexpected fee of $5 on my latest bill.,billing
do you offer a discount for students or non profits?,general
please help me change the email address on my account.,account
my account is locked after too many login attempts.,account
i need a refund for the duplicate payment of $49.,billing
is there a mobile app available for billing?,general
the software is not compatible with my operating system.,technical
the application is running slow and freezing frequently.,technical
the application is running slow and freezing frequently.,technical
"i cannot reset my password, the email never arrives.",account
sync keeps failing between my phone and the web billing.,account
my subscription renewed but i wanted to cancel the billing.,billing
i am experiencing issues with the settings functionality.,technical
there is a bug in the calendar that needs to be fixed.,technical
"i cannot reset my password, the email never arrives.",account
i was charged $49 twice on my amex card this month.,billing
my subscription renewed but i wanted to cancel the billing.,billing
how do i enable two factor authentication on my profile?,billing
i would like to share some feedback about your service.,general
i was charged $49 twice on my visa card this month.,billing
sync keeps failing between my phone and the web reports.,account
i was charged $19.99 twice on my amex card this month.,billing
the software is not compatible with my operating system.,technical
i would like to share some feedback about your service.,general
the application is running slow and freezing frequently.,technical
is there a mobile app available for calendar?,general
why is my invoice higher than the basic plan price?,billing
do you offer a discount for students or non profits?,general
please help me change the email address on my account.,account
why is my invoice higher than the pro plan price?,billing
my account is locked after too many login attempts.,account
the software is not compatible with my operating system.,technical
the api is returning a 403 error when i make a request.,technical
i am experiencing issues with the settings functionality.,technical
my subscription renewed but i wanted to cancel the billing.,billing
the application is running slow and freezing frequently.,technical
the export button does nothing and throws error 500.,account
my subscription renewed but i wanted to cancel the billing.,billing
how do i enable two factor authentication on my profile?,account
"i cannot reset my password, the email never arrives.",account
the api is returning a timeout error when i make a request.,technical
is there a mobile app available for billing?,general
my subscription renewed but i wanted to cancel the billing.,billing
what are your customer support working hours?,general
what are your customer support working hours?,general
there is an unexpected fee of $120 on my latest bill.,account
the software is not compatible with my operating system.,general
sync keeps failing between my phone and the web settings.,account
the software is not compatible with my operating system.,technical
i was charged $19.99 twice on my amex card this month.,billing
please help me change the email address on my account.,account
why is my invoice higher than the basic plan price?,billing
what are your customer support working hours?,general
what are your customer support working hours?,general
the application is running slow and freezing frequently.,technical
what are your customer support working hours?,general
sync keeps failing between my phone and the web settings.,account
i need a refund for the duplicate payment of $19.99.,billing
the application is running slow and freezing frequently.,technical
"i cannot reset my password, the email never arrives.",account
there is a bug in the calendar that needs to be fixed.,technical
why is my invoice higher than the basic plan price?,billing
my subscription renewed but i wanted to cancel the billing.,billing
"i cannot reset my password, the email never arrives.",account
"i cannot reset my password, the email never arrives.",account
i would like to share some feedback about your service.,billing
i would like to share some feedback about your service.,general
why is my invoice higher than the basic plan price?,billing
i would like to share some feedback about your service.,general
the api is returning a 403 error when i make a request.,technical
there is an unexpected fee of $120 on my latest bill.,billing
i need a refund for the duplicate payment of $49.,billing
do you offer a discount for students or non profits?,general
there is a bug in the calendar that needs to be fixed.,technical
i am experiencing issues with the settings functionality.,technical
can you tell me more about the enterprise plan features?,general
i would like to share some feedback about your service.,general
the api is returning a null_ref error when i make a request.,technical
i am experiencing issues with the reports functionality.,technical
i need a refund for the duplicate payment of $5.,billing
what are your customer support working hours?,general
the api is returning a 500 error when i make a request.,technical
i want to delete my account and all of my data.,account
the dashboard is not loading after the latest update.,account
what are your customer support working hours?,general
i want to delete my account and all of my data.,account
i need a refund for the duplicate payment of $49.,billing
sync keeps failing between my phone and the web reports.,account
i was charged $9.99 twice on my visa card this month.,billing
the software is not compatible with my operating system.,technical
i am experiencing issues with the calendar functionality.,technical
i need a refund for the duplicate payment of $120.,billing
the api is returning a 500 error when i make a request.,technical
can you tell me more about the pro plan features?,general
what are your customer support working hours?,general
the api is returning a null_ref error when i make a request.,technical
"i cannot reset my password, the email never arrives.",account
i would like to share some feedback about your service.,general
what are your customer support working hours?,account
i am experiencing issues with the calendar functionality.,technical
can you tell me more about the enterprise plan features?,general
my subscription renewed but i wanted to cancel the billing.,billing
can you tell me more about the pro plan features?,general
there is a bug in the settings that needs to be fixed.,technical
the app crashes every time i open the reports page.,account
the app crashes every time i open the settings page.,account
the app crashes every time i open the settings page.,account
there is a bug in the calendar that needs to be fixed.,technical
i get an error code null_ref when i try to log in.,general
there is a bug in the billing that needs to be fixed.,technical
how do i enable two factor authentication on my profile?,account
i was charged $5 twice on my amex card this month.,billing
the api is returning a 500 error when i make a request.,technical
why is my invoice higher than the pro plan price?,billing
the application is running slow and freezing frequently.,technical
the dashboard is not loading after the latest update.,account
the software is not compatible with my operating system.,technical
can you tell me more about the enterprise plan features?,general
the dashboard is not loading after the latest update.,account
there is an unexpected fee of $9.99 on my latest bill.,billing
what are your customer support working hours?,billing
sync keeps failing between my phone and the web billing.,account
there is an unexpected fee of $120 on my latest bill.,billing
the application is running slow and freezing frequently.,technical
do you offer a discount for students or non profits?,general
what are your customer support working hours?,technical
the application is running slow and freezing frequently.,technical
there is a bug in the settings that needs to be fixed.,technical
can you tell me more about the pro plan features?,general
is there a mobile app available for settings?,general
what are your customer support working hours?,general
i was charged $19.99 twice on my amex card this month.,billing
i need a refund for the duplicate payment of $5.,general
is there a mobile app available for calendar?,general
can you tell me more about the pro plan features?,general
i want to delete my account and all of my data.,account
why is my invoice higher than the enterprise plan price?,billing
my subscription renewed but i wanted to cancel the billing.,billing
the api is returning a timeout error when i make a request.,technical
can you tell me more about the pro plan features?,general
there is an unexpected fee of $19.99 on my latest bill.,billing
my subscription renewed but i wanted to cancel the billing.,billing
do you offer a discount for students or non profits?,general
is there a mobile app available for settings?,general
i would like to share some feedback about your service.,general
there is a bug in the calendar that needs to be fixed.,technical
i need a refund for the duplicate payment of $120.,billing
i want to delete my account and all of my data.,account
can you tell me more about the pro plan features?,general
how do i enable two factor authentication on my profile?,account
the application is running slow and freezing frequently.,technical
i would like to share some feedback about your service.,general
i need a refund for the duplicate payment of $49.,billing
the api is returning a 500 error when i make a request.,general
can you tell me more about the pro plan features?,general
do you offer a discount for students or non profits?,technical
the export button does nothing and throws error null_ref.,account
the dashboard is not loading after the latest update.,account
i am experiencing issues with the reports functionality.,technical
do you offer a discount for students or non profits?,general
i was charged $9.99 twice on my mastercard card this month.,billing
my subscription renewed but i wanted to cancel the billing.,billing
the dashboard is not loading after the latest update.,account
i was charged $19.99 twice on my amex card this month.,billing
is there a mobile app available for settings?,general
why is my invoice higher than the basic plan price?,billing
can you tell me more about the basic plan features?,general
i would like to share some feedback about your service.,general
i am experiencing issues with the calendar functionality.,technical
i was charged $9.99 twice on my visa card this month.,billing
the application is running slow and freezing frequently.,technical
can you tell me more about the basic plan features?,general
i am experiencing issues with the reports functionality.,general
i want to delete my account and all of my data.,account
the api is returning a 500 error when i make a request.,technical
the software is not compatible with my operating system.,billing
what are your customer support working hours?,general
i want to delete my account and all of my data.,account
the export button does nothing and throws error 500.,account
"i cannot reset my password, the email never arrives.",account
how do i enable two factor authentication on my profile?,account
i am experiencing issues with the billing functionality.,technical
i get an error code timeout when i try to log in.,billing
there is a bug in the settings that needs to be fixed.,general
the api is returning a timeout error when i make a request.,technical
the software is not compatible with my operating system.,general
i would like to share some feedback about your service.,general
my subscription renewed but i wanted to cancel the billing.,billing
please help me change the email address on my account.,account
please help me change the email address on my account.,account
do you offer a discount for students or non profits?,general
can you tell me more about the basic plan features?,general
the application is running slow and freezing frequently.,technical
my subscription renewed but i wanted to cancel the billing.,billing
why is my invoice higher than the enterprise plan price?,billing
i am experiencing issues with the billing functionality.,technical
i was charged $9.99 twice on my visa card this month.,billing
can you tell me more about the pro plan features?,general
the export button does nothing and throws error 403.,account
i get an error code 403 when i try to log in.,account
i want to delete my account and all of my data.,account
