text,label
I was charged $49 twice on my Visa card this month.,billing
There is an unexpected fee of $9.99 on my latest bill.,billing
I was charged $9.99 twice on my Visa card this month.,billing
There is an unexpected fee of $19.99 on my latest bill.,billing
What are your customer support working hours?,general
The app crashes every time I open the billing page.,account
The export button does nothing and throws error 403.,account
I get an error code 500 when I try to log in.,account
"I cannot reset my password, the email never arrives.",account
My subscription renewed but I wanted to cancel the billing.,billing
Do you offer a discount for students or non profits?,general
How do I enable two factor authentication on my profile?,account
I was charged $19.99 twice on my Mastercard card this month.,billing
The application is running slow and freezing frequently.,technical
I would like to share some feedback about your service.,general
Sync keeps failing between my phone and the web settings.,account
There is an unexpected fee of $19.99 on my latest bill.,billing
I am experiencing issues with the calendar functionality.,technical
The API is returning a 500 error when I make a request.,technical
I need a refund for the duplicate payment of $120.,billing
The software is not compatible with my operating system.,technical
Sync keeps failing between my phone and the web calendar.,account
What are your customer support working hours?,general
The software is not compatible with my operating system.,technical
Can you tell me more about the Pro plan features?,general
The software is not compatible with my operating system.,technical
I was charged $19.99 twice on my Amex card this month.,billing
Can you tell me more about the Basic plan features?,general
Can you tell me more about the Pro plan features?,general
I was charged $5 twice on my Mastercard card this month.,billing
I get an error code TIMEOUT when I try to log in.,account
Do you offer a discount for students or non profits?,general
I want to delete my account and all of my data.,account
I need a refund for the duplicate payment of $5.,billing
The API is returning a 403 error when I make a request.,technical
There is an unexpected fee of $49 on my latest bill.,billing
I need a refund for the duplicate payment of $49.,billing
The software is not compatible with my operating system.,technical
My subscription renewed but I wanted to cancel the billing.,billing
I am experiencing issues with the calendar functionality.,technical
The API is returning a NULL_REF error when I make a request.,technical
The API is returning a NULL_REF error when I make a request.,technical
My account is locked after too many login attempts.,account
Do you offer a discount for students or non profits?,general
I need a refund for the duplicate payment of $9.99.,billing
The software is not compatible with my operating system.,technical
I was charged $19.99 twice on my Visa card this month.,billing
I get an error code 403 when I try to log in.,account
What are your customer support working hours?,general
What are your customer support working hours?,general
What are your customer support working hours?,general
Please help me change the email address on my account.,account
I was charged $9.99 twice on my Mastercard card this month.,billing
Why is my invoice higher than the Basic plan price?,billing
What are your customer support working hours?,general
My account is locked after too many login attempts.,account
My subscription renewed but I wanted to cancel the billing.,billing
I was charged $5 twice on my Visa card this month.,billing
I am experiencing issues with the calendar functionality.,technical
There is a bug in the reports that needs to be fixed.,technical
My subscription renewed but I wanted to cancel the billing.,billing
I would like to share some feedback about your service.,general
What are your customer support working hours?,general
The application is running slow and freezing frequently.,technical
I need a refund for the duplicate payment of $9.99.,general
The application is running slow and freezing frequently.,technical
Why is my invoice higher than the Basic plan price?,billing
There is a bug in the reports that needs to be fixed.,technical
The software is not compatible with my operating system.,technical
My subscription renewed but I wanted to cancel the billing.,billing
The export button does nothing and throws error 403.,account
Sync keeps failing between my phone and the web settings.,account
My account is locked after too many login attempts.,account
I was charged $120 twice on my Amex card this month.,billing
I was charged $5 twice on my Visa card this month.,billing
The API is returning a 500 error when I make a request.,technical
The export button does nothing and throws error 403.,account
How do I enable two factor authentication on my profile?,account
There is an unexpected fee of $49 on my latest bill.,billing
Why is my invoice higher than the Pro plan price?,billing
There is an unexpected fee of $19.99 on my latest bill.,billing
The API is returning a 403 error when I make a request.,technical
I want to delete my account and all of my data.,account
I was charged $120 twice on my Mastercard card this month.,account
The API is returning a 403 error when I make a request.,technical
Can you tell me more about the Basic plan features?,general
The software is not compatible with my operating system.,account
There is a bug in the billing that needs to be fixed.,account
I need a refund for the duplicate payment of $19.99.,billing
I need a refund for the duplicate payment of $5.,billing
Can you tell me more about the Enterprise plan features?,general
I am experiencing issues with the billing functionality.,technical
Why is my invoice higher than the Enterprise plan price?,billing
What are your customer support working hours?,general
My subscription renewed but I wanted to cancel the billing.,billing
What are your customer support working hours?,general
I would like to share some feedback about your service.,general
I am experiencing issues with the reports functionality.,technical
I would like to share some feedback about your service.,general
I need a refund for the duplicate payment of $49.,billing
Can you tell me more about the Pro plan features?,general
I need a refund for the duplicate payment of $19.99.,billing
The app crashes every time I open the reports page.,account
"I cannot reset my password, the email never arrives.",account
My subscription renewed but I wanted to cancel the billing.,billing
The API is returning a 500 error when I make a request.,technical
There is an unexpected fee of $5 on my latest bill.,billing
The API is returning a NULL_REF error when I make a request.,account
I get an error code TIMEOUT when I try to log in.,account
I would like to share some feedback about your service.,general
I want to delete my account and all of my data.,account
Is there a mobile app available for billing?,general
Please help me change the email address on my account.,account
I need a refund for the duplicate payment of $49.,billing
My account is locked after too many login attempts.,account
The software is not compatible with my operating system.,technical
The application is running slow and freezing frequently.,technical
I get an error code 403 when I try to log in.,account
I am experiencing issues with the billing functionality.,technical
Can you tell me more about the Basic plan features?,general
There is a bug in the calendar that needs to be fixed.,technical
The application is running slow and freezing frequently.,technical
My subscription renewed but I wanted to cancel the billing.,billing
Do you offer a discount for students or non profits?,general
My subscription renewed but I wanted to cancel the billing.,billing
Can you tell me more about the Enterprise plan features?,general
Can you tell me more about the Enterprise plan features?,general
Can you tell me more about the Pro plan features?,general
Is there a mobile app available for settings?,general
I want to delete my account and all of my data.,account
The API is returning a NULL_REF error when I make a request.,account
The API is returning a TIMEOUT error when I make a request.,technical
Why is my invoice higher than the Basic plan price?,billing
I am experiencing issues with the reports functionality.,technical
I want to delete my account and all of my data.,account
Why is my invoice higher than the Pro plan price?,billing
There is an unexpected fee of $120 on my latest bill.,billing
The export button does nothing and throws error NULL_REF.,account
Can you tell me more about the Enterprise plan features?,general
There is a bug in the billing that needs to be fixed.,technical
Do you offer a discount for students or non profits?,general
What are your customer support working hours?,general
The software is not compatible with my operating system.,technical
Can you tell me more about the Enterprise plan features?,general
My subscription renewed but I wanted to cancel the billing.,billing
What are your customer support working hours?,general
Sync keeps failing between my phone and the web calendar.,account
I would like to share some feedback about your service.,general
I would like to share some feedback about your service.,general
Do you offer a discount for students or non profits?,general
I need a refund for the duplicate payment of $19.99.,billing
I was charged $19.99 twice on my Visa card this month.,billing
I am experiencing issues with the billing functionality.,technical
There is an unexpected fee of $19.99 on my latest bill.,billing
"I cannot reset my password, the email never arrives.",account
Why is my invoice higher than the Pro plan price?,billing
I need a refund for the duplicate payment of $5.,billing
Is there a mobile app available for billing?,technical
I need a refund for the duplicate payment of $5.,billing
I need a refund for the duplicate payment of $5.,billing
I get an error code TIMEOUT when I try to log in.,general
Do you offer a discount for students or non profits?,general
My account is locked after too many login attempts.,account
What are your customer support working hours?,general
How do I enable two factor authentication on my profile?,account
Is there a mobile app available for calendar?,general
"I cannot reset my password, the email never arrives.",account
I need a refund for the duplicate payment of $120.,billing
Can you tell me more about the Enterprise plan features?,general
The app crashes every time I open the calendar page.,account
There is a bug in the billing that needs to be fixed.,technical
"I cannot reset my password, the email never arrives.",account
I want to delete my account and all of my data.,technical
Why is my invoice higher than the Enterprise plan price?,billing
There is a bug in the calendar that needs to be fixed.,technical
I was charged $49 twice on my Visa card this month.,billing
The API is returning a TIMEOUT error when I make a request.,technical
Please help me change the email address on my account.,account
"I cannot reset my password, the email never arrives.",account
The export button does nothing and throws error TIMEOUT.,account
The API is returning a 500 error when I make a request.,technical
I am experiencing issues with the billing functionality.,technical
How do I enable two factor authentication on my profile?,account
I get an error code 403 when I try to log in.,account
The dashboard is not loading after the latest update.,account
The API is returning a 500 error when I make a request.,technical
The dashboard is not loading after the latest update.,account
Do you offer a discount for students or non profits?,general
My account is locked after too many login attempts.,account
The dashboard is not loading after the latest update.,account
My account is locked after too many login attempts.,account
My subscription renewed but I wanted to cancel the billing.,billing
Why is my invoice higher than the Basic plan price?,billing
I get an error code 403 when I try to log in.,account
Can you tell me more about the Enterprise plan features?,general
The software is not compatible with my operating system.,technical
I would like to share some feedback about your service.,general
I would like to share some feedback about your service.,general
There is an unexpected fee of $9.99 on my latest bill.,billing
I am experiencing issues with the settings functionality.,technical
I am experiencing issues with the billing functionality.,technical
The application is running slow and freezing frequently.,technical
I would like to share some feedback about your service.,account
My account is locked after too many login attempts.,technical
How do I enable two factor authentication on my profile?,account
There is a bug in the reports that needs to be fixed.,technical
The API is returning a 403 error when I make a request.,technical
How do I enable two factor authentication on my profile?,account
My account is locked after too many login attempts.,account
Please help me change the email address on my account.,account
Is there a mobile app available for reports?,general
I would like to share some feedback about your service.,general
I was charged $19.99 twice on my Amex card this month.,billing
I need a refund for the duplicate payment of $5.,technical
Can you tell me more about the Enterprise plan features?,general
The dashboard is not loading after the latest update.,account
Is there a mobile app available for reports?,general
I would like to share some feedback about your service.,general
Why is my invoice higher than the Pro plan price?,billing
I would like to share some feedback about your service.,general
Can you tell me more about the Basic plan features?,general
The export button does nothing and throws error TIMEOUT.,account
Can you tell me more about the Basic plan features?,general
Is there a mobile app available for reports?,general
How do I enable two factor authentication on my profile?,account
Do you offer a discount for students or non profits?,general
The API is returning a NULL_REF error when I make a request.,technical
Do you offer a discount for students or non profits?,technical
The API is returning a 500 error when I make a request.,technical
Why is my invoice higher than the Basic plan price?,billing
Why is my invoice higher than the Pro plan price?,billing
I want to delete my account and all of my data.,account
Is there a mobile app available for calendar?,general
There is a bug in the billing that needs to be fixed.,technical
The application is running slow and freezing frequently.,technical
I would like to share some feedback about your service.,general
The app crashes every time I open the settings page.,account
What are your customer support working hours?,general
I would like to share some feedback about your service.,general
Is there a mobile app available for settings?,general
The software is not compatible with my operating system.,technical
Do you offer a discount for students or non profits?,general
Is there a mobile app available for calendar?,general
There is a bug in the reports that needs to be fixed.,technical
I get an error code NULL_REF when I try to log in.,general
Why is my invoice higher than the Pro plan price?,billing
The application is running slow and freezing frequently.,technical
"I cannot reset my password, the email never arrives.",account
Do you offer a discount for students or non profits?,general
I would like to share some feedback about your service.,general
Can you tell me more about the Basic plan features?,general
The API is returning a 403 error when I make a request.,technical
Do you offer a discount for students or non profits?,general
My subscription renewed but I wanted to cancel the billing.,billing
The app crashes every time I open the reports page.,account
I need a refund for the duplicate payment of $49.,billing
I am experiencing issues with the calendar functionality.,technical
I am experiencing issues with the billing functionality.,general
There is a bug in the billing that needs to be fixed.,technical
My account is locked after too many login attempts.,account
My subscription renewed but I wanted to cancel the billing.,billing
The application is running slow and freezing frequently.,technical
How do I enable two factor authentication on my profile?,account
I would like to share some feedback about your service.,general
Sync keeps failing between my phone and the web calendar.,account
Why is my invoice higher than the Pro plan price?,billing
The export button does nothing and throws error 500.,account
I would like to share some feedback about your service.,billing
I would like to share some feedback about your service.,general
The software is not compatible with my operating system.,technical
I am experiencing issues with the settings functionality.,technical
The application is running slow and freezing frequently.,technical
I need a refund for the duplicate payment of $120.,account
The application is running slow and freezing frequently.,technical
Please help me change the email address on my account.,account
The software is not compatible with my operating system.,technical
I want to delete my account and all of my data.,account
The dashboard is not loading after the latest update.,account
I would like to share some feedback about your service.,general
I get an error code NULL_REF when I try to log in.,account
I am experiencing issues with the calendar functionality.,technical
I get an error code NULL_REF when I try to log in.,billing
I would like to share some feedback about your service.,general
How do I enable two factor authentication on my profile?,account
I get an error code 403 when I try to log in.,account
How do I enable two factor authentication on my profile?,account
My subscription renewed but I wanted to cancel the billing.,billing
Please help me change the email address on my account.,account
I was charged $49 twice on my Mastercard card this month.,billing
The software is not compatible with my operating system.,technical
I would like to share some feedback about your service.,general
Can you tell me more about the Enterprise plan features?,general
Do you offer a discount for students or non profits?,general
I would like to share some feedback about your service.,account
There is a bug in the calendar that needs to be fixed.,technical
I get an error code TIMEOUT when I try to log in.,account
The app crashes every time I open the calendar page.,account
My subscription renewed but I wanted to cancel the billing.,technical
I was charged $49 twice on my Visa card this month.,billing
The application is running slow and freezing frequently.,technical
The software is not compatible with my operating system.,technical
The API is returning a 403 error when I make a request.,technical
I need a refund for the duplicate payment of $19.99.,billing
The dashboard is not loading after the latest update.,account
Why is my invoice higher than the Basic plan price?,billing
The software is not compatible with my operating system.,technical
The API is returning a 500 error when I make a request.,technical
Can you tell me more about the Basic plan features?,general
Is there a mobile app available for settings?,general
My subscription renewed but I wanted to cancel the billing.,billing
There is an unexpected fee of $49 on my latest bill.,billing
I was charged $120 twice on my Mastercard card this month.,billing
My subscription renewed but I wanted to cancel the billing.,billing
Do you offer a discount for students or non profits?,general
How do I enable two factor authentication on my profile?,account
The API is returning a TIMEOUT error when I make a request.,technical
My account is locked after too many login attempts.,account
Do you offer a discount for students or non profits?,general
There is an unexpected fee of $19.99 on my latest bill.,billing
There is a bug in the settings that needs to be fixed.,technical
Is there a mobile app available for reports?,general
The export button does nothing and throws error TIMEOUT.,account
Do you offer a discount for students or non profits?,billing
My subscription renewed but I wanted to cancel the billing.,account
The software is not compatible with my operating system.,account
My subscription renewed but I wanted to cancel the billing.,billing
Do you offer a discount for students or non profits?,general
"I cannot reset my password, the email never arrives.",account
I am experiencing issues with the calendar functionality.,technical
I need a refund for the duplicate payment of $5.,billing
How do I enable two factor authentication on my profile?,account
Can you tell me more about the Enterprise plan features?,general
There is an unexpected fee of $49 on my latest bill.,account
"I cannot reset my password, the email never arrives.",account
I am experiencing issues with the calendar functionality.,billing
There is an unexpected fee of $19.99 on my latest bill.,billing
I would like to share some feedback about your service.,general
"I cannot reset my password, the email never arrives.",account
I was charged $19.99 twice on my Visa card this month.,billing
I was charged $49 twice on my Mastercard card this month.,billing
Can you tell me more about the Pro plan features?,general
The software is not compatible with my operating system.,technical
Do you offer a discount for students or non profits?,general
Can you tell me more about the Enterprise plan features?,general
There is a bug in the reports that needs to be fixed.,account
I am experiencing issues with the settings functionality.,technical
I was charged $120 twice on my Amex card this month.,billing
There is a bug in the billing that needs to be fixed.,technical
I get an error code NULL_REF when I try to log in.,account
My subscription renewed but I wanted to cancel the billing.,billing
How do I enable two factor authentication on my profile?,account
Is there a mobile app available for settings?,general
I need a refund for the duplicate payment of $19.99.,billing
I would like to share some feedback about your service.,billing
There is a bug in the calendar that needs to be fixed.,technical
I would like to share some feedback about your service.,general
The API is returning a 403 error when I make a request.,billing
The API is returning a TIMEOUT error when I make a request.,technical
I am experiencing issues with the reports functionality.,technical
I am experiencing issues with the billing functionality.,technical
Why is my invoice higher than the Enterprise plan price?,billing
Can you tell me more about the Enterprise plan features?,general
"I cannot reset my password, the email never arrives.",account
My subscription renewed but I wanted to cancel the billing.,billing
The export button does nothing and throws error 500.,account
I need a refund for the duplicate payment of $120.,billing
I need a refund for the duplicate payment of $49.,billing
Is there a mobile app available for reports?,general
The API is returning a NULL_REF error when I make a request.,technical
My subscription renewed but I wanted to cancel the billing.,billing
I get an error code 403 when I try to log in.,general
Can you tell me more about the Enterprise plan features?,general
"I cannot reset my password, the email never arrives.",account
Is there a mobile app available for settings?,general
I need a refund for the duplicate payment of $9.99.,billing
I would like to share some feedback about your service.,general
The API is returning a 500 error when I make a request.,technical
The API is returning a TIMEOUT error when I make a request.,technical
What are your customer support working hours?,general
I need a refund for the duplicate payment of $5.,billing
The dashboard is not loading after the latest update.,account
My subscription renewed but I wanted to cancel the billing.,billing
I need a refund for the duplicate payment of $49.,billing
The API is returning a NULL_REF error when I make a request.,technical
I am experiencing issues with the reports functionality.,technical
There is an unexpected fee of $5 on my latest bill.,billing
I need a refund for the duplicate payment of $5.,billing
What are your customer support working hours?,general
There is a bug in the reports that needs to be fixed.,technical
There is a bug in the settings that needs to be fixed.,technical
What are your customer support working hours?,general
My account is locked after too many login attempts.,account
The API is returning a NULL_REF error when I make a request.,technical
Please help me change the email address on my account.,account
What are your customer support working hours?,general
The API is returning a 500 error when I make a request.,technical
I want to delete my account and all of my data.,account
I need a refund for the duplicate payment of $9.99.,billing
My account is locked after too many login attempts.,account
There is a bug in the reports that needs to be fixed.,technical
There is a bug in the settings that needs to be fixed.,technical
Do you offer a discount for students or non profits?,general
Sync keeps failing between my phone and the web calendar.,account
Sync keeps failing between my phone and the web reports.,account
I need a refund for the duplicate payment of $19.99.,billing
My account is locked after too many login attempts.,account
There is a bug in the calendar that needs to be fixed.,technical
I was charged $49 twice on my Visa card this month.,billing
Do you offer a discount for students or non profits?,general
The API is returning a 500 error when I make a request.,general
Do you offer a discount for students or non profits?,general
Can you tell me more about the Enterprise plan features?,technical
The API is returning a NULL_REF error when I make a request.,account
The software is not compatible with my operating system.,technical
There is an unexpected fee of $49 on my latest bill.,billing
Is there a mobile app available for reports?,general
The export button does nothing and throws error 500.,account
I need a refund for the duplicate payment of $19.99.,billing
There is an unexpected fee of $49 on my latest bill.,billing
I want to delete my account and all of my data.,account
There is a bug in the calendar that needs to be fixed.,technical
The application is running slow and freezing frequently.,technical
Do you offer a discount for students or non profits?,general
Why is my invoice higher than the Basic plan price?,billing
I want to delete my account and all of my data.,account
I would like to share some feedback about your service.,technical
"I cannot reset my password, the email never arrives.",account
I need a refund for the duplicate payment of $49.,billing
Please help me change the email address on my account.,account
Is there a mobile app available for settings?,general
Is there a mobile app available for settings?,general
I get an error code NULL_REF when I try to log in.,technical
"I cannot reset my password, the email never arrives.",account
The export button does nothing and throws error TIMEOUT.,account
What are your customer support working hours?,general
My account is locked after too many login attempts.,account
I would like to share some feedback about your service.,general
I was charged $120 twice on my Mastercard card this month.,billing
The application is running slow and freezing frequently.,technical
Do you offer a discount for students or non profits?,general
The API is returning a TIMEOUT error when I make a request.,technical
There is an unexpected fee of $19.99 on my latest bill.,billing
"I cannot reset my password, the email never arrives.",account
There is an unexpected fee of $19.99 on my latest bill.,billing
I would like to share some feedback about your service.,general
The application is running slow and freezing frequently.,technical
Can you tell me more about the Pro plan features?,general
I need a refund for the duplicate payment of $49.,billing
The software is not compatible with my operating system.,technical
What are your customer support working hours?,general
My subscription renewed but I wanted to cancel the billing.,billing
Do you offer a discount for students or non profits?,general
"I cannot reset my password, the email never arrives.",account
The export button does nothing and throws error 403.,account
The API is returning a 403 error when I make a request.,technical
I am experiencing issues with the billing functionality.,technical
I need a refund for the duplicate payment of $5.,billing
Can you tell me more about the Basic plan features?,general
I was charged $49 twice on my Mastercard card this month.,billing
Can you tell me more about the Pro plan features?,general
Why is my invoice higher than the Pro plan price?,billing
Is there a mobile app available for settings?,general
I am experiencing issues with the calendar functionality.,technical
I was charged $5 twice on my Visa card this month.,billing
The API is returning a 403 error when I make a request.,technical
I get an error code TIMEOUT when I try to log in.,account
The dashboard is not loading after the latest update.,account
There is an unexpected fee of $19.99 on my latest bill.,billing
I am experiencing issues with the settings functionality.,technical
I was charged $9.99 twice on my Visa card this month.,billing
Sync keeps failing between my phone and the web calendar.,account
My subscription renewed but I wanted to cancel the billing.,billing
The export button does nothing and throws error NULL_REF.,account
I would like to share some feedback about your service.,general
Why is my invoice higher than the Pro plan price?,billing
What are your customer support working hours?,general
The API is returning a TIMEOUT error when I make a request.,technical
Please help me change the email address on my account.,account
I want to delete my account and all of my data.,account
Sync keeps failing between my phone and the web calendar.,account
What are your customer support working hours?,general
I need a refund for the duplicate payment of $120.,billing
What are your customer support working hours?,general
The API is returning a TIMEOUT error when I make a request.,technical
There is a bug in the calendar that needs to be fixed.,technical
My account is locked after too many login attempts.,general
What are your customer support working hours?,general
The app crashes every time I open the reports page.,account
I would like to share some feedback about your service.,general
My subscription renewed but I wanted to cancel the billing.,billing
"I cannot reset my password, the email never arrives.",account
The app crashes every time I open the calendar page.,technical
I want to delete my account and all of my data.,account
Can you tell me more about the Pro plan features?,general
How do I enable two factor authentication on my profile?,account
Why is my invoice higher than the Basic plan price?,billing
I want to delete my account and all of my data.,account
I am experiencing issues with the calendar functionality.,technical
I was charged $19.99 twice on my Amex card this month.,billing
Can you tell me more about the Pro plan features?,general
The API is returning a TIMEOUT error when I make a request.,technical
How do I enable two factor authentication on my profile?,account
Can you tell me more about the Pro plan features?,general
I need a refund for the duplicate payment of $49.,billing
Can you tell me more about the Pro plan features?,general
There is an unexpected fee of $120 on my latest bill.,billing
The application is running slow and freezing frequently.,technical
The software is not compatible with my operating system.,technical
What are your customer support working hours?,general
The application is running slow and freezing frequently.,technical
Why is my invoice higher than the Basic plan price?,billing
What are your customer support working hours?,general
There is a bug in the calendar that needs to be fixed.,technical
Why is my invoice higher than the Enterprise plan price?,billing
My account is locked after too many login attempts.,account
The dashboard is not loading after the latest update.,account
I want to delete my account and all of my data.,account
How do I enable two factor authentication on my profile?,account
The API is returning a TIMEOUT error when I make a request.,technical
The export button does nothing and throws error 403.,account
I would like to share some feedback about your service.,general
The export button does nothing and throws error 500.,account
Is there a mobile app available for settings?,general
The API is returning a 500 error when I make a request.,technical
I need a refund for the duplicate payment of $120.,billing
What are your customer support working hours?,general
I want to delete my account and all of my data.,account
The application is running slow and freezing frequently.,technical
I am experiencing issues with the reports functionality.,technical
I am experiencing issues with the reports functionality.,technical
My account is locked after too many login attempts.,account
The application is running slow and freezing frequently.,technical
There is a bug in the calendar that needs to be fixed.,technical
The API is returning a TIMEOUT error when I make a request.,technical
I was charged $5 twice on my Visa card this month.,billing
Why is my invoice higher than the Pro plan price?,billing
The application is running slow and freezing frequently.,technical
Is there a mobile app available for billing?,general
The app crashes every time I open the reports page.,account
I need a refund for the duplicate payment of $49.,billing
What are your customer support working hours?,general
I would like to share some feedback about your service.,general
I need a refund for the duplicate payment of $19.99.,billing
The dashboard is not loading after the latest update.,account
How do I enable two factor authentication on my profile?,account
I am experiencing issues with the calendar functionality.,technical
I get an error code NULL_REF when I try to log in.,account
I am experiencing issues with the calendar functionality.,technical
The application is running slow and freezing frequently.,technical
There is a bug in the settings that needs to be fixed.,technical
How do I enable two factor authentication on my profile?,account
I need a refund for the duplicate payment of $49.,billing
I was charged $120 twice on my Mastercard card this month.,billing
I get an error code TIMEOUT when I try to log in.,account
I am experiencing issues with the billing functionality.,technical
Can you tell me more about the Pro plan features?,general
Can you tell me more about the Enterprise plan features?,general
The software is not compatible with my operating system.,technical
There is an unexpected fee of $120 on my latest bill.,billing
I get an error code 500 when I try to log in.,technical
I am experiencing issues with the settings functionality.,technical
Do you offer a discount for students or non profits?,general
Do you offer a discount for students or non profits?,general
Do you offer a discount for students or non profits?,general
Is there a mobile app available for reports?,general
The app crashes every time I open the calendar page.,account
Why is my invoice higher than the Enterprise plan price?,general
I get an error code 500 when I try to log in.,account
My subscription renewed but I wanted to cancel the billing.,general
I am experiencing issues with the calendar functionality.,technical
Is there a mobile app available for calendar?,general
The API is returning a 500 error when I make a request.,technical
Can you tell me more about the Basic plan features?,general
The application is running slow and freezing frequently.,technical
My account is locked after too many login attempts.,account
Can you tell me more about the Pro plan features?,general
There is a bug in the settings that needs to be fixed.,technical
The application is running slow and freezing frequently.,general
Why is my invoice higher than the Basic plan price?,billing
Can you tell me more about the Enterprise plan features?,general
Why is my invoice higher than the Enterprise plan price?,general
The software is not compatible with my operating system.,technical
Why is my invoice higher than the Enterprise plan price?,billing
The software is not compatible with my operating system.,technical
Sync keeps failing between my phone and the web settings.,account
There is a bug in the settings that needs to be fixed.,technical
There is a bug in the calendar that needs to be fixed.,account
Can you tell me more about the Pro plan features?,general
What are your customer support working hours?,general
The software is not compatible with my operating system.,technical
The API is returning a 403 error when I make a request.,technical
There is an unexpected fee of $120 on my latest bill.,billing
There is a bug in the billing that needs to be fixed.,technical
I get an error code NULL_REF when I try to log in.,account
There is an unexpected fee of $19.99 on my latest bill.,general
I was charged $19.99 twice on my Amex card this month.,billing
There is a bug in the billing that needs to be fixed.,technical
The export button does nothing and throws error 500.,account
The application is running slow and freezing frequently.,technical
What are your customer support working hours?,general
There is a bug in the billing that needs to be fixed.,technical
Please help me change the email address on my account.,account
The export button does nothing and throws error TIMEOUT.,account
Is there a mobile app available for reports?,general
I would like to share some feedback about your service.,general
"I cannot reset my password, the email never arrives.",account
I am experiencing issues with the reports functionality.,technical
I would like to share some feedback about your service.,general
Sync keeps failing between my phone and the web calendar.,account
There is a bug in the settings that needs to be fixed.,technical
Is there a mobile app available for calendar?,general
The dashboard is not loading after the latest update.,account
What are your customer support working hours?,general
There is an unexpected fee of $9.99 on my latest bill.,billing
I was charged $9.99 twice on my Mastercard card this month.,billing
The application is running slow and freezing frequently.,technical
Why is my invoice higher than the Enterprise plan price?,billing
There is an unexpected fee of $5 on my latest bill.,billing
Do you offer a discount for students or non profits?,general
I was charged $5 twice on my Amex card this month.,billing
The app crashes every time I open the calendar page.,account
The application is running slow and freezing frequently.,technical
I am experiencing issues with the billing functionality.,technical
"I cannot reset my password, the email never arrives.",account
Do you offer a discount for students or non profits?,general
Is there a mobile app available for billing?,general
The API is returning a 500 error when I make a request.,technical
I was charged $120 twice on my Mastercard card this month.,billing
Do you offer a discount for students or non profits?,general
The application is running slow and freezing frequently.,technical
I would like to share some feedback about your service.,general
There is an unexpected fee of $9.99 on my latest bill.,billing
I would like to share some feedback about your service.,billing
I want to delete my account and all of my data.,account
Why is my invoice higher than the Pro plan price?,technical
There is a bug in the reports that needs to be fixed.,technical
The software is not compatible with my operating system.,technical
Can you tell me more about the Pro plan features?,general
The application is running slow and freezing frequently.,technical
The app crashes every time I open the reports page.,account
I need a refund for the duplicate payment of $5.,billing
I would like to share some feedback about your service.,account
Is there a mobile app available for billing?,general
Is there a mobile app available for billing?,general
Do you offer a discount for students or non profits?,general
Sync keeps failing between my phone and the web reports.,technical
What are your customer support working hours?,general
"I cannot reset my password, the email never arrives.",account
I need a refund for the duplicate payment of $120.,billing
I get an error code 403 when I try to log in.,general
Can you tell me more about the Enterprise plan features?,general
I was charged $9.99 twice on my Mastercard card this month.,billing
Please help me change the email address on my account.,general
Do you offer a discount for students or non profits?,general
The software is not compatible with my operating system.,technical
What are your customer support working hours?,general
The export button does nothing and throws error NULL_REF.,account
There is a bug in the settings that needs to be fixed.,technical
Do you offer a discount for students or non profits?,general
There is a bug in the billing that needs to be fixed.,technical
The API is returning a 500 error when I make a request.,technical
How do I enable two factor authentication on my profile?,account
My account is locked after too many login attempts.,account
The API is returning a TIMEOUT error when I make a request.,technical
There is a bug in the settings that needs to be fixed.,technical
I would like to share some feedback about your service.,general
Can you tell me more about the Basic plan features?,general
Please help me change the email address on my account.,account
The software is not compatible with my operating system.,technical
The software is not compatible with my operating system.,general
There is a bug in the settings that needs to be fixed.,technical
My subscription renewed but I wanted to cancel the billing.,billing
The API is returning a 403 error when I make a request.,technical
There is a bug in the calendar that needs to be fixed.,general
Can you tell me more about the Enterprise plan features?,general
Can you tell me more about the Basic plan features?,general
I want to delete my account and all of my data.,account
I was charged $19.99 twice on my Amex card this month.,billing
The software is not compatible with my operating system.,general
Please help me change the email address on my account.,account
I need a refund for the duplicate payment of $19.99.,billing
There is a bug in the settings that needs to be fixed.,technical
The API is returning a 500 error when I make a request.,technical
Please help me change the email address on my account.,account
I was charged $19.99 twice on my Mastercard card this month.,billing
What are your customer support working hours?,general
My account is locked after too many login attempts.,general
I get an error code TIMEOUT when I try to log in.,billing
I need a refund for the duplicate payment of $9.99.,billing
I am experiencing issues with the billing functionality.,technical
I want to delete my account and all of my data.,account
What are your customer support working hours?,general
I am experiencing issues with the calendar functionality.,technical
There is a bug in the calendar that needs to be fixed.,technical
I am experiencing issues with the settings functionality.,technical
There is an unexpected fee of $9.99 on my latest bill.,billing
The API is returning a TIMEOUT error when I make a request.,technical
I need a refund for the duplicate payment of $120.,billing
How do I enable two factor authentication on my profile?,account
Can you tell me more about the Basic plan features?,general
Can you tell me more about the Basic plan features?,general
How do I enable two factor authentication on my profile?,account
The API is returning a 500 error when I make a request.,technical
Why is my invoice higher than the Pro plan price?,billing
Is there a mobile app available for billing?,general
What are your customer support working hours?,general
The software is not compatible with my operating system.,technical
The dashboard is not loading after the latest update.,account
Can you tell me more about the Basic plan features?,general
My subscription renewed but I wanted to cancel the billing.,billing
Can you tell me more about the Enterprise plan features?,general
Is there a mobile app available for calendar?,general
Is there a mobile app available for billing?,billing
The API is returning a 500 error when I make a request.,technical
The dashboard is not loading after the latest update.,account
Can you tell me more about the Enterprise plan features?,general
I need a refund for the duplicate payment of $5.,billing
I want to delete my account and all of my data.,account
My subscription renewed but I wanted to cancel the billing.,billing
Do you offer a discount for students or non profits?,general
The API is returning a 500 error when I make a request.,technical
I get an error code NULL_REF when I try to log in.,account
Why is my invoice higher than the Basic plan price?,billing
How do I enable two factor authentication on my profile?,account
The software is not compatible with my operating system.,technical
I am experiencing issues with the reports functionality.,technical
How do I enable two factor authentication on my profile?,account
The export button does nothing and throws error TIMEOUT.,account
Why is my invoice higher than the Pro plan price?,billing
The dashboard is not loading after the latest update.,account
I am experiencing issues with the billing functionality.,technical
There is a bug in the calendar that needs to be fixed.,technical
Please help me change the email address on my account.,account
I was charged $120 twice on my Amex card this month.,billing
My account is locked after too many login attempts.,account
How do I enable two factor authentication on my profile?,billing
I would like to share some feedback about your service.,general
What are your customer support working hours?,general
There is a bug in the settings that needs to be fixed.,technical
"I cannot reset my password, the email never arrives.",account
The software is not compatible with my operating system.,technical
The app crashes every time I open the reports page.,general
I was charged $19.99 twice on my Mastercard card this month.,billing
What are your customer support working hours?,general
The API is returning a 403 error when I make a request.,technical
I get an error code TIMEOUT when I try to log in.,account
The dashboard is not loading after the latest update.,account
There is a bug in the reports that needs to be fixed.,technical
Why is my invoice higher than the Pro plan price?,technical
Do you offer a discount for students or non profits?,account
My subscription renewed but I wanted to cancel the billing.,billing
Do you offer a discount for students or non profits?,general
I was charged $9.99 twice on my Mastercard card this month.,billing
The dashboard is not loading after the latest update.,account
I am experiencing issues with the reports functionality.,technical
There is an unexpected fee of $19.99 on my latest bill.,billing
I am experiencing issues with the calendar functionality.,technical
What are your customer support working hours?,billing
The application is running slow and freezing frequently.,technical
I would like to share some feedback about your service.,general
The dashboard is not loading after the latest update.,account
Why is my invoice higher than the Enterprise plan price?,billing
The app crashes every time I open the settings page.,account
There is a bug in the settings that needs to be fixed.,technical
There is a bug in the calendar that needs to be fixed.,technical
Can you tell me more about the Basic plan features?,general
I need a refund for the duplicate payment of $49.,billing
I would like to share some feedback about your service.,general
There is a bug in the reports that needs to be fixed.,billing
I need a refund for the duplicate payment of $19.99.,billing
Can you tell me more about the Pro plan features?,general
Is there a mobile app available for calendar?,technical
I get an error code TIMEOUT when I try to log in.,technical
The software is not compatible with my operating system.,technical
I need a refund for the duplicate payment of $120.,billing
The application is running slow and freezing frequently.,technical
Do you offer a discount for students or non profits?,general
I need a refund for the duplicate payment of $19.99.,billing
The application is running slow and freezing frequently.,technical
I want to delete my account and all of my data.,account
The dashboard is not loading after the latest update.,account
I get an error code 500 when I try to log in.,account
I would like to share some feedback about your service.,general
How do I enable two factor authentication on my profile?,account
Is there a mobile app available for settings?,technical
The dashboard is not loading after the latest update.,account
There is an unexpected fee of $9.99 on my latest bill.,billing
I was charged $9.99 twice on my Visa card this month.,account
What are your customer support working hours?,general
There is an unexpected fee of $120 on my latest bill.,billing
There is a bug in the settings that needs to be fixed.,technical
There is an unexpected fee of $49 on my latest bill.,billing
Why is my invoice higher than the Basic plan price?,billing
My subscription renewed but I wanted to cancel the billing.,general
The export button does nothing and throws error TIMEOUT.,general
I need a refund for the duplicate payment of $19.99.,billing
How do I enable two factor authentication on my profile?,account
How do I enable two factor authentication on my profile?,account
The software is not compatible with my operating system.,technical
I am experiencing issues with the reports functionality.,technical
Why is my invoice higher than the Enterprise plan price?,billing
I need a refund for the duplicate payment of $9.99.,billing
I would like to share some feedback about your service.,general
There is a bug in the calendar that needs to be fixed.,technical
The API is returning a 500 error when I make a request.,technical
I would like to share some feedback about your service.,general
There is an unexpected fee of $9.99 on my latest bill.,billing
Do you offer a discount for students or non profits?,general
My subscription renewed but I wanted to cancel the billing.,billing
I am experiencing issues with the settings functionality.,technical
Please help me change the email address on my account.,account
"I cannot reset my password, the email never arrives.",account
The application is running slow and freezing frequently.,technical
The software is not compatible with my operating system.,technical
Why is my invoice higher than the Pro plan price?,billing
Do you offer a discount for students or non profits?,general
There is a bug in the settings that needs to be fixed.,technical
I was charged $19.99 twice on my Amex card this month.,billing
Why is my invoice higher than the Pro plan price?,billing
The API is returning a NULL_REF error when I make a request.,technical
The export button does nothing and throws error 403.,general
Can you tell me more about the Enterprise plan features?,general
My subscription renewed but I wanted to cancel the billing.,billing
The application is running slow and freezing frequently.,technical
I am experiencing issues with the calendar functionality.,technical
There is an unexpected fee of $5 on my latest bill.,billing
I was charged $9.99 twice on my Visa card this month.,billing
What are your customer support working hours?,account
I was charged $120 twice on my Visa card this month.,billing
Is there a mobile app available for calendar?,general
The API is returning a 403 error when I make a request.,technical
The export button does nothing and throws error NULL_REF.,account
There is an unexpected fee of $5 on my latest bill.,billing
My account is locked after too many login attempts.,account
Do you offer a discount for students or non profits?,general
There is a bug in the billing that needs to be fixed.,technical
The software is not compatible with my operating system.,technical
I would like to share some feedback about your service.,general
I would like to share some feedback about your service.,general
Please help me change the email address on my account.,account
I need a refund for the duplicate payment of $5.,billing
The app crashes every time I open the calendar page.,account
I am experiencing issues with the reports functionality.,technical
The API is returning a 500 error when I make a request.,technical
The software is not compatible with my operating system.,technical
I would like to share some feedback about your service.,general
I am experiencing issues with the billing functionality.,technical
How do I enable two factor authentication on my profile?,account
The software is not compatible with my operating system.,technical
Can you tell me more about the Pro plan features?,general
I was charged $9.99 twice on my Visa card this month.,billing
There is an unexpected fee of $120 on my latest bill.,technical
The API is returning a 403 error when I make a request.,technical
The app crashes every time I open the reports page.,account
The application is running slow and freezing frequently.,technical
I get an error code TIMEOUT when I try to log in.,account
Can you tell me more about the Basic plan features?,general
The dashboard is not loading after the latest update.,account
Is there a mobile app available for settings?,general
Sync keeps failing between my phone and the web billing.,account
The dashboard is not loading after the latest update.,account
There is an unexpected fee of $120 on my latest bill.,billing
Why is my invoice higher than the Enterprise plan price?,billing
The software is not compatible with my operating system.,technical
What are your customer support working hours?,general
Why is my invoice higher than the Pro plan price?,billing
The application is running slow and freezing frequently.,technical
My account is locked after too many login attempts.,technical
The application is running slow and freezing frequently.,technical
I was charged $9.99 twice on my Mastercard card this month.,billing
What are your customer support working hours?,general
Is there a mobile app available for settings?,general
My subscription renewed but I wanted to cancel the billing.,billing
I am experiencing issues with the calendar functionality.,billing
The app crashes every time I open the settings page.,account
I was charged $49 twice on my Visa card this month.,billing
The application is running slow and freezing frequently.,technical
I need a refund for the duplicate payment of $5.,billing
Do you offer a discount for students or non profits?,general
The software is not compatible with my operating system.,technical
The application is running slow and freezing frequently.,technical
I am experiencing issues with the calendar functionality.,technical
The export button does nothing and throws error TIMEOUT.,account
My subscription renewed but I wanted to cancel the billing.,billing
What are your customer support working hours?,billing
Do you offer a discount for students or non profits?,general
What are your customer support working hours?,technical
The API is returning a 500 error when I make a request.,technical
I need a refund for the duplicate payment of $120.,billing
I get an error code NULL_REF when I try to log in.,account
I would like to share some feedback about your service.,general
I need a refund for the duplicate payment of $120.,billing
The API is returning a 500 error when I make a request.,technical
I was charged $49 twice on my Amex card this month.,billing
The software is not compatible with my operating system.,general
Can you tell me more about the Enterprise plan features?,general
Can you tell me more about the Basic plan features?,general
My subscription renewed but I wanted to cancel the billing.,billing
There is an unexpected fee of $5 on my latest bill.,billing
The application is running slow and freezing frequently.,technical
What are your customer support working hours?,general
I am experiencing issues with the billing functionality.,technical
Do you offer a discount for students or non profits?,general
What are your customer support working hours?,general
The software is not compatible with my operating system.,technical
I was charged $120 twice on my Amex card this month.,billing
The export button does nothing and throws error NULL_REF.,account
There is an unexpected fee of $5 on my latest bill.,billing
Do you offer a discount for students or non profits?,general
The software is not compatible with my operating system.,technical
I was charged $5 twice on my Visa card this month.,billing
Please help me change the email address on my account.,account
Can you tell me more about the Enterprise plan features?,general
The API is returning a NULL_REF error when I make a request.,technical
Do you offer a discount for students or non profits?,general
Sync keeps failing between my phone and the web reports.,account
"I cannot reset my password, the email never arrives.",account
The export button does nothing and throws error NULL_REF.,account
Why is my invoice higher than the Basic plan price?,billing
I would like to share some feedback about your service.,general
Can you tell me more about the Enterprise plan features?,general
There is a bug in the calendar that needs to be fixed.,technical
The app crashes every time I open the billing page.,general
The software is not compatible with my operating system.,technical
Why is my invoice higher than the Basic plan price?,billing
The application is running slow and freezing frequently.,technical
Do you offer a discount for students or non profits?,general
The API is returning a TIMEOUT error when I make a request.,technical
Do you offer a discount for students or non profits?,general
The API is returning a NULL_REF error when I make a request.,technical
There is a bug in the settings that needs to be fixed.,technical
I get an error code TIMEOUT when I try to log in.,billing
The software is not compatible with my operating system.,technical
I am experiencing issues with the billing functionality.,technical
Please help me change the email address on my account.,account
My subscription renewed but I wanted to cancel the billing.,billing
The software is not compatible with my operating system.,technical
The API is returning a TIMEOUT error when I make a request.,technical
Please help me change the email address on my account.,account
My account is locked after too many login attempts.,account
I would like to share some feedback about your service.,general
Can you tell me more about the Basic plan features?,account
The export button does nothing and throws error 500.,account
The export button does nothing and throws error TIMEOUT.,account
The export button does nothing and throws error 403.,account
The application is running slow and freezing frequently.,technical
I would like to share some feedback about your service.,general
My subscription renewed but I wanted to cancel the billing.,billing
Please help me change the email address on my account.,account
There is an unexpected fee of $5 on my latest bill.,billing
Sync keeps failing between my phone and the web calendar.,account
I want to delete my account and all of my data.,account
The software is not compatible with my operating system.,technical
My subscription renewed but I wanted to cancel the billing.,billing
I want to delete my account and all of my data.,account
The API is returning a 500 error when I make a request.,technical
The API is returning a NULL_REF error when I make a request.,technical
"I cannot reset my password, the email never arrives.",account
My account is locked after too many login attempts.,account
Do you offer a discount for students or non profits?,general
My subscription renewed but I wanted to cancel the billing.,billing
My subscription renewed but I wanted to cancel the billing.,billing
Do you offer a discount for students or non profits?,general
I am experiencing issues with the billing functionality.,technical
What are your customer support working hours?,general
The application is running slow and freezing frequently.,technical
The API is returning a 500 error when I make a request.,account
I am experiencing issues with the billing functionality.,technical
Why is my invoice higher than the Enterprise plan price?,billing
Is there a mobile app available for calendar?,general
Do you offer a discount for students or non profits?,technical
The app crashes every time I open the settings page.,account
The application is running slow and freezing frequently.,technical
I am experiencing issues with the settings functionality.,technical
My subscription renewed but I wanted to cancel the billing.,billing
The dashboard is not loading after the latest update.,billing
The export button does nothing and throws error NULL_REF.,account
Please help me change the email address on my account.,account
The API is returning a NULL_REF error when I make a request.,technical
I am experiencing issues with the calendar functionality.,technical
I am experiencing issues with the reports functionality.,technical
The application is running slow and freezing frequently.,technical
My subscription renewed but I wanted to cancel the billing.,billing
I want to delete my account and all of my data.,account
I was charged $9.99 twice on my Visa card this month.,billing
Is there a mobile app available for calendar?,general
My account is locked after too many login attempts.,account
The application is running slow and freezing frequently.,technical
There is an unexpected fee of $49 on my latest bill.,billing
There is a bug in the reports that needs to be fixed.,technical
I need a refund for the duplicate payment of $9.99.,billing
What are your customer support working hours?,general
I want to delete my account and all of my data.,account
Please help me change the email address on my account.,account
There is an unexpected fee of $120 on my latest bill.,billing
I would like to share some feedback about your service.,general
I was charged $9.99 twice on my Amex card this month.,billing
The application is running slow and freezing frequently.,technical
I was charged $49 twice on my Amex card this month.,billing
The export button does nothing and throws error NULL_REF.,technical
I need a refund for the duplicate payment of $49.,billing
Please help me change the email address on my account.,account
I was charged $9.99 twice on my Visa card this month.,billing
The API is returning a TIMEOUT error when I make a request.,technical
I get an error code TIMEOUT when I try to log in.,account
The application is running slow and freezing frequently.,technical
I would like to share some feedback about your service.,general
Is there a mobile app available for billing?,general
Why is my invoice higher than the Basic plan price?,billing
Can you tell me more about the Enterprise plan features?,general
I would like to share some feedback about your service.,general
There is a bug in the calendar that needs to be fixed.,technical
Is there a mobile app available for reports?,account
There is an unexpected fee of $5 on my latest bill.,billing
The API is returning a 500 error when I make a request.,technical
There is a bug in the settings that needs to be fixed.,technical
What are your customer support working hours?,general
I was charged $19.99 twice on my Amex card this month.,billing
What are your customer support working hours?,general
Sync keeps failing between my phone and the web settings.,account
There is an unexpected fee of $19.99 on my latest bill.,billing
Is there a mobile app available for billing?,general
Do you offer a discount for students or non profits?,general
I would like to share some feedback about your service.,general
Do you offer a discount for students or non profits?,general
Do you offer a discount for students or non profits?,general
I was charged $5 twice on my Amex card this month.,billing
There is a bug in the settings that needs to be fixed.,technical
Why is my invoice higher than the Pro plan price?,billing
I would like to share some feedback about your service.,general
I was charged $19.99 twice on my Visa card this month.,billing
I want to delete my account and all of my data.,account
I was charged $19.99 twice on my Mastercard card this month.,billing
Do you offer a discount for students or non profits?,general
I am experiencing issues with the reports functionality.,technical
What are your customer support working hours?,general
The API is returning a 500 error when I make a request.,technical
There is an unexpected fee of $9.99 on my latest bill.,billing
Is there a mobile app available for billing?,general
There is an unexpected fee of $9.99 on my latest bill.,billing
Can you tell me more about the Pro plan features?,general
The software is not compatible with my operating system.,technical
The application is running slow and freezing frequently.,technical
I want to delete my account and all of my data.,account
Can you tell me more about the Enterprise plan features?,general
Please help me change the email address on my account.,account
My account is locked after too many login attempts.,account
There is a bug in the settings that needs to be fixed.,technical
I want to delete my account and all of my data.,account
I am experiencing issues with the settings functionality.,technical
I am experiencing issues with the settings functionality.,technical
I want to delete my account and all of my data.,account
Can you tell me more about the Pro plan features?,general
Do you offer a discount for students or non profits?,general
My subscription renewed but I wanted to cancel the billing.,billing
Why is my invoice higher than the Pro plan price?,billing
The API is returning a TIMEOUT error when I make a request.,technical
I need a refund for the duplicate payment of $19.99.,billing
I need a refund for the duplicate payment of $120.,billing
The software is not compatible with my operating system.,technical
The app crashes every time I open the calendar page.,account
I want to delete my account and all of my data.,account
The software is not compatible with my operating system.,technical
What are your customer support working hours?,general
How do I enable two factor authentication on my profile?,account
I am experiencing issues with the settings functionality.,technical
Why is my invoice higher than the Basic plan price?,billing
My subscription renewed but I wanted to cancel the billing.,account
The dashboard is not loading after the latest update.,account
The app crashes every time I open the settings page.,account
The application is running slow and freezing frequently.,technical
How do I enable two factor authentication on my profile?,account
Can you tell me more about the Enterprise plan features?,general
I want to delete my account and all of my data.,account
The software is not compatible with my operating system.,technical
Can you tell me more about the Enterprise plan features?,general
Sync keeps failing between my phone and the web billing.,account
"I cannot reset my password, the email never arrives.",account
Can you tell me more about the Enterprise plan features?,account
What are your customer support working hours?,general
The application is running slow and freezing frequently.,technical
Please help me change the email address on my account.,account
My subscription renewed but I wanted to cancel the billing.,billing
The app crashes every time I open the settings page.,account
Is there a mobile app available for reports?,general
The API is returning a 500 error when I make a request.,technical
The software is not compatible with my operating system.,technical
Why is my invoice higher than the Enterprise plan price?,billing
There is a bug in the reports that needs to be fixed.,technical
Do you offer a discount for students or non profits?,general
The application is running slow and freezing frequently.,technical
The app crashes every time I open the reports page.,technical
I want to delete my account and all of my data.,technical
Please help me change the email address on my account.,account
Is there a mobile app available for settings?,billing
There is an unexpected fee of $9.99 on my latest bill.,billing
I was charged $49 twice on my Amex card this month.,billing
How do I enable two factor authentication on my profile?,general
Is there a mobile app available for reports?,general
I am experiencing issues with the calendar functionality.,technical
The dashboard is not loading after the latest update.,account
The app crashes every time I open the billing page.,account
There is an unexpected fee of $5 on my latest bill.,billing
I need a refund for the duplicate payment of $19.99.,billing
Sync keeps failing between my phone and the web calendar.,account
I am experiencing issues with the billing functionality.,technical
Sync keeps failing between my phone and the web reports.,account
There is an unexpected fee of $120 on my latest bill.,billing
I need a refund for the duplicate payment of $9.99.,billing
The software is not compatible with my operating system.,technical
"I cannot reset my password, the email never arrives.",account
The application is running slow and freezing frequently.,technical
Why is my invoice higher than the Pro plan price?,billing
How do I enable two factor authentication on my profile?,account
The software is not compatible with my operating system.,technical
Please help me change the email address on my account.,account
Sync keeps failing between my phone and the web billing.,account
I would like to share some feedback about your service.,general
The API is returning a NULL_REF error when I make a request.,technical
The export button does nothing and throws error NULL_REF.,account
The software is not compatible with my operating system.,account
The software is not compatible with my operating system.,technical
I was charged $9.99 twice on my Amex card this month.,billing
Can you tell me more about the Basic plan features?,general
I want to delete my account and all of my data.,account
What are your customer support working hours?,general
The software is not compatible with my operating system.,technical
The dashboard is not loading after the latest update.,account
My subscription renewed but I wanted to cancel the billing.,billing
Why is my invoice higher than the Enterprise plan price?,billing
There is a bug in the billing that needs to be fixed.,technical
There is a bug in the settings that needs to be fixed.,general
The application is running slow and freezing frequently.,technical
The application is running slow and freezing frequently.,technical
Please help me change the email address on my account.,account
Do you offer a discount for students or non profits?,account
There is an unexpected fee of $49 on my latest bill.,billing
How do I enable two factor authentication on my profile?,account
There is a bug in the calendar that needs to be fixed.,technical
There is an unexpected fee of $49 on my latest bill.,billing
The software is not compatible with my operating system.,technical
My account is locked after too many login attempts.,account
There is an unexpected fee of $19.99 on my latest bill.,billing
The application is running slow and freezing frequently.,technical
Sync keeps failing between my phone and the web billing.,account
How do I enable two factor authentication on my profile?,account
Why is my invoice higher than the Pro plan price?,billing
My subscription renewed but I wanted to cancel the billing.,billing
What are your customer support working hours?,general
Do you offer a discount for students or non profits?,general
The software is not compatible with my operating system.,technical
The software is not compatible with my operating system.,technical
Why is my invoice higher than the Pro plan price?,billing
Can you tell me more about the Enterprise plan features?,general
I get an error code 403 when I try to log in.,account
Is there a mobile app available for billing?,general
Can you tell me more about the Basic plan features?,general
The software is not compatible with my operating system.,technical
The dashboard is not loading after the latest update.,account
My account is locked after too many login attempts.,account
Why is my invoice higher than the Pro plan price?,billing
I was charged $19.99 twice on my Amex card this month.,billing
What are your customer support working hours?,general
There is a bug in the reports that needs to be fixed.,technical
I was charged $120 twice on my Amex card this month.,billing
My subscription renewed but I wanted to cancel the billing.,billing
The app crashes every time I open the calendar page.,account
Is there a mobile app available for settings?,general
My subscription renewed but I wanted to cancel the billing.,billing
What are your customer support working hours?,general
I need a refund for the duplicate payment of $5.,billing
I would like to share some feedback about your service.,general
There is an unexpected fee of $5 on my latest bill.,billing
My subscription renewed but I wanted to cancel the billing.,billing
Please help me change the email address on my account.,account
There is a bug in the settings that needs to be fixed.,technical
Can you tell me more about the Pro plan features?,general
What are your customer support working hours?,general
What are your customer support working hours?,general
I would like to share some feedback about your service.,general
Please help me change the email address on my account.,account
Why is my invoice higher than the Pro plan price?,billing
The application is running slow and freezing frequently.,technical
I would like to share some feedback about your service.,general
Why is my invoice higher than the Pro plan price?,billing
I was charged $19.99 twice on my Mastercard card this month.,billing
Do you offer a discount for students or non profits?,technical
I get an error code 500 when I try to log in.,account
Can you tell me more about the Enterprise plan features?,general
Why is my invoice higher than the Enterprise plan price?,billing
Why is my invoice higher than the Enterprise plan price?,billing
Sync keeps failing between my phone and the web reports.,account
The software is not compatible with my operating system.,technical
I need a refund for the duplicate payment of $19.99.,billing
The application is running slow and freezing frequently.,technical
I would like to share some feedback about your service.,general
Can you tell me more about the Basic plan features?,general
I was charged $5 twice on my Mastercard card this month.,billing
"I cannot reset my password, the email never arrives.",account
Sync keeps failing between my phone and the web billing.,account
Can you tell me more about the Basic plan features?,general
Can you tell me more about the Basic plan features?,general
"I cannot reset my password, the email never arrives.",account
I want to delete my account and all of my data.,account
My account is locked after too many login attempts.,account
What are your customer support working hours?,general
Is there a mobile app available for reports?,general
I get an error code NULL_REF when I try to log in.,account
I am experiencing issues with the settings functionality.,technical
I want to delete my account and all of my data.,account
Sync keeps failing between my phone and the web settings.,account
There is an unexpected fee of $19.99 on my latest bill.,billing
Sync keeps failing between my phone and the web settings.,account
There is a bug in the billing that needs to be fixed.,technical
The API is returning a 403 error when I make a request.,technical
The software is not compatible with my operating system.,technical
I was charged $9.99 twice on my Amex card this month.,billing
Can you tell me more about the Basic plan features?,general
My subscription renewed but I wanted to cancel the billing.,billing
My account is locked after too many login attempts.,account
My account is locked after too many login attempts.,account
Please help me change the email address on my account.,account
The application is running slow and freezing frequently.,technical
Is there a mobile app available for reports?,general
What are your customer support working hours?,general
There is an unexpected fee of $120 on my latest bill.,billing
I was charged $19.99 twice on my Mastercard card this month.,billing
"I cannot reset my password, the email never arrives.",account
The dashboard is not loading after the latest update.,account
The API is returning a NULL_REF error when I make a request.,technical
"I cannot reset my password, the email never arrives.",account
What are your customer support working hours?,general
"I cannot reset my password, the email never arrives.",account
My account is locked after too many login attempts.,account
The software is not compatible with my operating system.,technical
I need a refund for the duplicate payment of $19.99.,billing
What are your customer support working hours?,general
There is a bug in the reports that needs to be fixed.,technical
What are your customer support working hours?,general
My account is locked after too many login attempts.,account
My subscription renewed but I wanted to cancel the billing.,technical
Why is my invoice higher than the Pro plan price?,billing
My subscription renewed but I wanted to cancel the billing.,billing
"I cannot reset my password, the email never arrives.",account
"I cannot reset my password, the email never arrives.",billing
How do I enable two factor authentication on my profile?,account
The API is returning a TIMEOUT error when I make a request.,technical
Is there a mobile app available for reports?,general
My account is locked after too many login attempts.,account
I am experiencing issues with the settings functionality.,technical
Do you offer a discount for students or non profits?,account
The API is returning a TIMEOUT error when I make a request.,technical
How do I enable two factor authentication on my profile?,account
My account is locked after too many login attempts.,account
How do I enable two factor authentication on my profile?,account
Is there a mobile app available for billing?,general
Why is my invoice higher than the Enterprise plan price?,billing
I get an error code 403 when I try to log in.,account
I was charged $9.99 twice on my Mastercard card this month.,billing
My subscription renewed but I wanted to cancel the billing.,billing
I was charged $49 twice on my Amex card this month.,billing
I would like to share some feedback about your service.,general
My account is locked after too many login attempts.,account
The software is not compatible with my operating system.,technical
I was charged $49 twice on my Mastercard card this month.,billing
Can you tell me more about the Pro plan features?,general
The software is not compatible with my operating system.,technical
Can you tell me more about the Pro plan features?,general
"I cannot reset my password, the email never arrives.",account
The application is running slow and freezing frequently.,technical
Please help me change the email address on my account.,account
The app crashes every time I open the reports page.,account
The API is returning a TIMEOUT error when I make a request.,technical
My subscription renewed but I wanted to cancel the billing.,billing
I would like to share some feedback about your service.,general
How do I enable two factor authentication on my profile?,account
There is an unexpected fee of $49 on my latest bill.,billing
Is there a mobile app available for billing?,general
Is there a mobile app available for billing?,general
What are your customer support working hours?,general
The export button does nothing and throws error TIMEOUT.,account
Why is my invoice higher than the Basic plan price?,billing
Can you tell me more about the Pro plan features?,general
What are your customer support working hours?,general
The application is running slow and freezing frequently.,technical
Why is my invoice higher than the Basic plan price?,billing
There is a bug in the reports that needs to be fixed.,technical
The application is running slow and freezing frequently.,technical
Please help me change the email address on my account.,account
I would like to share some feedback about your service.,general
I need a refund for the duplicate payment of $9.99.,billing
The application is running slow and freezing frequently.,technical
Do you offer a discount for students or non profits?,general
I am experiencing issues with the settings functionality.,technical
I was charged $19.99 twice on my Mastercard card this month.,billing
What are your customer support working hours?,general
Why is my invoice higher than the Pro plan price?,billing
There is an unexpected fee of $19.99 on my latest bill.,billing
"I cannot reset my password, the email never arrives.",account
There is an unexpected fee of $5 on my latest bill.,billing
I would like to share some feedback about your service.,general
Why is my invoice higher than the Basic plan price?,billing
I would like to share some feedback about your service.,account
My subscription renewed but I wanted to cancel the billing.,billing
I was charged $5 twice on my Amex card this month.,billing
The API is returning a 500 error when I make a request.,technical
Do you offer a discount for students or non profits?,general
The app crashes every time I open the reports page.,account
The software is not compatible with my operating system.,technical
There is a bug in the billing that needs to be fixed.,technical
My account is locked after too many login attempts.,account
My subscription renewed but I wanted to cancel the billing.,billing
The API is returning a 500 error when I make a request.,technical
Can you tell me more about the Pro plan features?,general
What are your customer support working hours?,general
"I cannot reset my password, the email never arrives.",account
How do I enable two factor authentication on my profile?,account
The application is running slow and freezing frequently.,technical
I would like to share some feedback about your service.,general
My account is locked after too many login attempts.,general
The application is running slow and freezing frequently.,technical
How do I enable two factor authentication on my profile?,account
There is an unexpected fee of $120 on my latest bill.,billing
Can you tell me more about the Basic plan features?,general
Please help me change the email address on my account.,account
I was charged $5 twice on my Amex card this month.,technical
The application is running slow and freezing frequently.,technical
What are your customer support working hours?,general
Can you tell me more about the Enterprise plan features?,general
The app crashes every time I open the settings page.,account
I was charged $19.99 twice on my Amex card this month.,billing
My subscription renewed but I wanted to cancel the billing.,billing
I need a refund for the duplicate payment of $5.,billing
I would like to share some feedback about your service.,general
There is an unexpected fee of $49 on my latest bill.,billing
I need a refund for the duplicate payment of $9.99.,billing
I was charged $19.99 twice on my Amex card this month.,billing
The software is not compatible with my operating system.,technical
The software is not compatible with my operating system.,technical
Do you offer a discount for students or non profits?,general
My account is locked after too many login attempts.,account
Do you offer a discount for students or non profits?,general
The software is not compatible with my operating system.,technical
The dashboard is not loading after the latest update.,account
I would like to share some feedback about your service.,general
"I cannot reset my password, the email never arrives.",account
I would like to share some feedback about your service.,general
There is a bug in the settings that needs to be fixed.,technical
Is there a mobile app available for calendar?,billing
How do I enable two factor authentication on my profile?,technical
The app crashes every time I open the settings page.,account
The API is returning a 500 error when I make a request.,technical
I want to delete my account and all of my data.,account
The application is running slow and freezing frequently.,account
I am experiencing issues with the settings functionality.,technical
I am experiencing issues with the settings functionality.,technical
There is an unexpected fee of $120 on my latest bill.,billing
The application is running slow and freezing frequently.,technical
What are your customer support working hours?,general
There is an unexpected fee of $49 on my latest bill.,general
I was charged $49 twice on my Mastercard card this month.,billing
Is there a mobile app available for reports?,general
The software is not compatible with my operating system.,technical
Do you offer a discount for students or non profits?,general
I need a refund for the duplicate payment of $5.,billing
I want to delete my account and all of my data.,account
The application is running slow and freezing frequently.,technical
Is there a mobile app available for reports?,general
Please help me change the email address on my account.,account
I get an error code NULL_REF when I try to log in.,account
There is an unexpected fee of $120 on my latest bill.,billing
Can you tell me more about the Pro plan features?,general
I am experiencing issues with the calendar functionality.,technical
Is there a mobile app available for billing?,general
I am experiencing issues with the reports functionality.,technical
I would like to share some feedback about your service.,general
I was charged $120 twice on my Mastercard card this month.,billing
The API is returning a TIMEOUT error when I make a request.,technical
I need a refund for the duplicate payment of $19.99.,billing
Can you tell me more about the Basic plan features?,general
I am experiencing issues with the settings functionality.,technical
I was charged $9.99 twice on my Visa card this month.,billing
The API is returning a 500 error when I make a request.,technical
I need a refund for the duplicate payment of $120.,billing
Sync keeps failing between my phone and the web billing.,account
I want to delete my account and all of my data.,account
The application is running slow and freezing frequently.,technical
I need a refund for the duplicate payment of $19.99.,technical
The app crashes every time I open the calendar page.,account
I was charged $120 twice on my Amex card this month.,billing
I get an error code 500 when I try to log in.,account
What are your customer support working hours?,general
I need a refund for the duplicate payment of $120.,billing
Why is my invoice higher than the Basic plan price?,billing
Can you tell me more about the Enterprise plan features?,technical
"I cannot reset my password, the email never arrives.",account
The application is running slow and freezing frequently.,technical
"I cannot reset my password, the email never arrives.",account
The software is not compatible with my operating system.,technical
I need a refund for the duplicate payment of $120.,billing
There is an unexpected fee of $49 on my latest bill.,billing
Please help me change the email address on my account.,account
My subscription renewed but I wanted to cancel the billing.,billing
There is a bug in the billing that needs to be fixed.,technical
I would like to share some feedback about your service.,general
My account is locked after too many login attempts.,account
I am experiencing issues with the billing functionality.,technical
I want to delete my account and all of my data.,account
What are your customer support working hours?,general
The API is returning a 500 error when I make a request.,technical
Why is my invoice higher than the Pro plan price?,billing
The application is running slow and freezing frequently.,technical
Is there a mobile app available for settings?,general
The dashboard is not loading after the latest update.,account
Why is my invoice higher than the Basic plan price?,account
The software is not compatible with my operating system.,technical
I need a refund for the duplicate payment of $9.99.,billing
What are your customer support working hours?,general
I would like to share some feedback about your service.,general
Is there a mobile app available for calendar?,general
I am experiencing issues with the reports functionality.,technical
I need a refund for the duplicate payment of $120.,billing
I am experiencing issues with the reports functionality.,technical
Can you tell me more about the Pro plan features?,general
What are your customer support working hours?,general
There is an unexpected fee of $120 on my latest bill.,billing
Can you tell me more about the Enterprise plan features?,general
There is an unexpected fee of $9.99 on my latest bill.,billing
Why is my invoice higher than the Enterprise plan price?,billing
There is an unexpected fee of $120 on my latest bill.,billing
Why is my invoice higher than the Pro plan price?,billing
The export button does nothing and throws error NULL_REF.,account
How do I enable two factor authentication on my profile?,account
There is a bug in the calendar that needs to be fixed.,billing
The software is not compatible with my operating system.,technical
There is a bug in the calendar that needs to be fixed.,technical
Why is my invoice higher than the Pro plan price?,billing
There is a bug in the reports that needs to be fixed.,technical
The application is running slow and freezing frequently.,general
I get an error code NULL_REF when I try to log in.,account
There is a bug in the calendar that needs to be fixed.,technical
How do I enable two factor authentication on my profile?,account
I am experiencing issues with the billing functionality.,technical
My subscription renewed but I wanted to cancel the billing.,billing
I would like to share some feedback about your service.,general
Why is my invoice higher than the Basic plan price?,account
My subscription renewed but I wanted to cancel the billing.,billing
Can you tell me more about the Basic plan features?,general
What are your customer support working hours?,general
Is there a mobile app available for calendar?,general
Why is my invoice higher than the Enterprise plan price?,billing
The application is running slow and freezing frequently.,technical
I need a refund for the duplicate payment of $9.99.,billing
There is an unexpected fee of $5 on my latest bill.,billing
I was charged $9.99 twice on my Mastercard card this month.,billing
The API is returning a 403 error when I make a request.,technical
The app crashes every time I open the reports page.,account
"I cannot reset my password, the email never arrives.",account
My subscription renewed but I wanted to cancel the billing.,billing
I need a refund for the duplicate payment of $120.,billing
"I cannot reset my password, the email never arrives.",account
I am experiencing issues with the reports functionality.,technical
My subscription renewed but I wanted to cancel the billing.,billing
Please help me change the email address on my account.,account
The export button does nothing and throws error TIMEOUT.,account
Can you tell me more about the Enterprise plan features?,general
What are your customer support working hours?,general
The API is returning a 403 error when I make a request.,billing
Do you offer a discount for students or non profits?,general
The software is not compatible with my operating system.,technical
Do you offer a discount for students or non profits?,general
The application is running slow and freezing frequently.,technical
The export button does nothing and throws error 500.,account
The app crashes every time I open the reports page.,account
Please help me change the email address on my account.,account
Why is my invoice higher than the Basic plan price?,billing
My account is locked after too many login attempts.,account
Why is my invoice higher than the Pro plan price?,billing
Can you tell me more about the Pro plan features?,general
Do you offer a discount for students or non profits?,general
How do I enable two factor authentication on my profile?,account
I want to delete my account and all of my data.,account
The software is not compatible with my operating system.,technical
I get an error code 403 when I try to log in.,account
I need a refund for the duplicate payment of $120.,billing
The software is not compatible with my operating system.,technical
The software is not compatible with my operating system.,technical
"I cannot reset my password, the email never arrives.",account
Please help me change the email address on my account.,technical
My account is locked after too many login attempts.,account
Sync keeps failing between my phone and the web settings.,account
The app crashes every time I open the billing page.,account
Can you tell me more about the Basic plan features?,general
I am experiencing issues with the settings functionality.,technical
"I cannot reset my password, the email never arrives.",account
There is an unexpected fee of $19.99 on my latest bill.,billing
My subscription renewed but I wanted to cancel the billing.,billing
I was charged $49 twice on my Visa card this month.,billing
I need a refund for the duplicate payment of $120.,billing
There is an unexpected fee of $49 on my latest bill.,account
The API is returning a 403 error when I make a request.,technical
I want to delete my account and all of my data.,account
Do you offer a discount for students or non profits?,general
The API is returning a 500 error when I make a request.,billing
The software is not compatible with my operating system.,technical
The export button does nothing and throws error 403.,account
How do I enable two factor authentication on my profile?,account
I need a refund for the duplicate payment of $5.,billing
Do you offer a discount for students or non profits?,general
Do you offer a discount for students or non profits?,general
I was charged $120 twice on my Mastercard card this month.,billing
Can you tell me more about the Pro plan features?,general
The software is not compatible with my operating system.,general
The application is running slow and freezing frequently.,technical
Do you offer a discount for students or non profits?,general
Is there a mobile app available for billing?,general
The software is not compatible with my operating system.,technical
Please help me change the email address on my account.,account
"I cannot reset my password, the email never arrives.",account
I was charged $120 twice on my Visa card this month.,billing
What are your customer support working hours?,general
How do I enable two factor authentication on my profile?,account
My subscription renewed but I wanted to cancel the billing.,billing
I need a refund for the duplicate payment of $5.,billing
I want to delete my account and all of my data.,account
What are your customer support working hours?,general
There is a bug in the calendar that needs to be fixed.,technical
Is there a mobile app available for settings?,general
I am experiencing issues with the reports functionality.,technical
Do you offer a discount for students or non profits?,general
I would like to share some feedback about your service.,general
What are your customer support working hours?,general
Do you offer a discount for students or non profits?,general
I would like to share some feedback about your service.,general
I was charged $19.99 twice on my Visa card this month.,billing
Why is my invoice higher than the Enterprise plan price?,billing
Please help me change the email address on my account.,account
What are your customer support working hours?,general
The export button does nothing and throws error TIMEOUT.,account
I would like to share some feedback about your service.,general
There is an unexpected fee of $5 on my latest bill.,billing
The API is returning a 500 error when I make a request.,technical
I was charged $5 twice on my Mastercard card this month.,billing
The app crashes every time I open the billing page.,account
I would like to share some feedback about your service.,general
Is there a mobile app available for calendar?,general
There is a bug in the billing that needs to be fixed.,technical
I would like to share some feedback about your service.,general
The API is returning a 403 error when I make a request.,technical
I was charged $19.99 twice on my Amex card this month.,billing
What are your customer support working hours?,general
Can you tell me more about the Pro plan features?,general
Can you tell me more about the Pro plan features?,general
Is there a mobile app available for settings?,general
Can you tell me more about the Basic plan features?,general
The software is not compatible with my operating system.,technical
The app crashes every time I open the reports page.,account
I get an error code NULL_REF when I try to log in.,account
Why is my invoice higher than the Enterprise plan price?,billing
My account is locked after too many login attempts.,account
Why is my invoice higher than the Pro plan price?,billing
There is an unexpected fee of $5 on my latest bill.,billing
I need a refund for the duplicate payment of $5.,billing
Is there a mobile app available for calendar?,general
Please help me change the email address on my account.,account
The export button does nothing and throws error 403.,account
The app crashes every time I open the calendar page.,account
I need a refund for the duplicate payment of $5.,general
Why is my invoice higher than the Enterprise plan price?,account
The dashboard is not loading after the latest update.,account
The export button does nothing and throws error 500.,account
The software is not compatible with my operating system.,technical
I would like to share some feedback about your service.,general
Sync keeps failing between my phone and the web calendar.,account
I need a refund for the duplicate payment of $9.99.,billing
There is a bug in the calendar that needs to be fixed.,technical
There is a bug in the billing that needs to be fixed.,technical
The app crashes every time I open the settings page.,account
I was charged $19.99 twice on my Mastercard card this month.,billing
My account is locked after too many login attempts.,account
There is a bug in the calendar that needs to be fixed.,technical
The software is not compatible with my operating system.,technical
I need a refund for the duplicate payment of $120.,billing
I want to delete my account and all of my data.,account
I was charged $5 twice on my Amex card this month.,billing
Can you tell me more about the Enterprise plan features?,general
The export button does nothing and throws error TIMEOUT.,account
How do I enable two factor authentication on my profile?,account
The software is not compatible with my operating system.,technical
The dashboard is not loading after the latest update.,account
I was charged $9.99 twice on my Visa card this month.,billing
My subscription renewed but I wanted to cancel the billing.,billing
The export button does nothing and throws error 403.,billing
There is an unexpected fee of $19.99 on my latest bill.,billing
I was charged $9.99 twice on my Amex card this month.,billing
The application is running slow and freezing frequently.,technical
The export button does nothing and throws error NULL_REF.,account
My subscription renewed but I wanted to cancel the billing.,billing
Please help me change the email address on my account.,account
The export button does nothing and throws error 403.,account
The app crashes every time I open the calendar page.,account
I need a refund for the duplicate payment of $49.,billing
My subscription renewed but I wanted to cancel the billing.,billing
The software is not compatible with my operating system.,technical
Do you offer a discount for students or non profits?,general
What are your customer support working hours?,general
My subscription renewed but I wanted to cancel the billing.,billing
I was charged $9.99 twice on my Visa card this month.,billing
My account is locked after too many login attempts.,general
The application is running slow and freezing frequently.,technical
I would like to share some feedback about your service.,general
Please help me change the email address on my account.,account
Is there a mobile app available for calendar?,general
There is an unexpected fee of $19.99 on my latest bill.,general
There is an unexpected fee of $5 on my latest bill.,billing
"I cannot reset my password, the email never arrives.",account
Do you offer a discount for students or non profits?,general
I need a refund for the duplicate payment of $5.,billing
I get an error code NULL_REF when I try to log in.,account
Sync keeps failing between my phone and the web billing.,account
What are your customer support working hours?,general
Do you offer a discount for students or non profits?,general
My account is locked after too many login attempts.,general
I am experiencing issues with the reports functionality.,technical
There is a bug in the calendar that needs to be fixed.,account
Can you tell me more about the Pro plan features?,general
I was charged $49 twice on my Visa card this month.,billing
My subscription renewed but I wanted to cancel the billing.,billing
Can you tell me more about the Basic plan features?,general
The application is running slow and freezing frequently.,technical
Do you offer a discount for students or non profits?,general
Why is my invoice higher than the Enterprise plan price?,billing
Why is my invoice higher than the Enterprise plan price?,account
My subscription renewed but I wanted to cancel the billing.,billing
I was charged $9.99 twice on my Mastercard card this month.,billing
The application is running slow and freezing frequently.,technical
I would like to share some feedback about your service.,general
I would like to share some feedback about your service.,general
The API is returning a 403 error when I make a request.,technical
The API is returning a 500 error when I make a request.,technical
There is a bug in the billing that needs to be fixed.,technical
There is a bug in the billing that needs to be fixed.,technical
Why is my invoice higher than the Basic plan price?,billing
What are your customer support working hours?,general
I was charged $9.99 twice on my Visa card this month.,billing
Please help me change the email address on my account.,account
What are your customer support working hours?,general
I want to delete my account and all of my data.,account
I am experiencing issues with the reports functionality.,technical
Can you tell me more about the Basic plan features?,general
"I cannot reset my password, the email never arrives.",account
I am experiencing issues with the reports functionality.,technical
There is an unexpected fee of $49 on my latest bill.,billing
There is a bug in the billing that needs to be fixed.,technical
The application is running slow and freezing frequently.,technical
Is there a mobile app available for billing?,general
I was charged $49 twice on my Mastercard card this month.,billing
"I cannot reset my password, the email never arrives.",account
Do you offer a discount for students or non profits?,general
There is an unexpected fee of $19.99 on my latest bill.,billing
My subscription renewed but I wanted to cancel the billing.,billing
Why is my invoice higher than the Enterprise plan price?,billing
Please help me change the email address on my account.,account
Sync keeps failing between my phone and the web reports.,account
Why is my invoice higher than the Enterprise plan price?,billing
There is a bug in the billing that needs to be fixed.,general
My subscription renewed but I wanted to cancel the billing.,billing
What are your customer support working hours?,general
There is a bug in the billing that needs to be fixed.,technical
Sync keeps failing between my phone and the web settings.,account
I need a refund for the duplicate payment of $19.99.,billing
Is there a mobile app available for calendar?,general
Sync keeps failing between my phone and the web settings.,account
The software is not compatible with my operating system.,technical
The application is running slow and freezing frequently.,technical
What are your customer support working hours?,general
I would like to share some feedback about your service.,general
I am experiencing issues with the settings functionality.,technical
The software is not compatible with my operating system.,technical
My subscription renewed but I wanted to cancel the billing.,billing
My subscription renewed but I wanted to cancel the billing.,billing
My subscription renewed but I wanted to cancel the billing.,billing
Do you offer a discount for students or non profits?,general
The application is running slow and freezing frequently.,technical
My subscription renewed but I wanted to cancel the billing.,billing
The API is returning a TIMEOUT error when I make a request.,technical
I was charged $120 twice on my Amex card this month.,billing
Can you tell me more about the Enterprise plan features?,general
Is there a mobile app available for billing?,general
What are your customer support working hours?,general
My account is locked after too many login attempts.,account
I was charged $120 twice on my Amex card this month.,billing
I need a refund for the duplicate payment of $120.,billing
The application is running slow and freezing frequently.,technical
The app crashes every time I open the settings page.,account
My subscription renewed but I wanted to cancel the billing.,billing
I need a refund for the duplicate payment of $49.,billing
There is an unexpected fee of $19.99 on my latest bill.,billing
Sync keeps failing between my phone and the web reports.,account
I am experiencing issues with the settings functionality.,technical
I want to delete my account and all of my data.,account
The app crashes every time I open the reports page.,account
Is there a mobile app available for reports?,general
My account is locked after too many login attempts.,account
Why is my invoice higher than the Pro plan price?,general
The API is returning a 500 error when I make a request.,technical
I get an error code 403 when I try to log in.,account
The software is not compatible with my operating system.,technical
I need a refund for the duplicate payment of $120.,billing
There is a bug in the settings that needs to be fixed.,technical
I need a refund for the duplicate payment of $19.99.,technical
Please help me change the email address on my account.,account
My account is locked after too many login attempts.,account
Is there a mobile app available for settings?,general
The dashboard is not loading after the latest update.,account
There is a bug in the settings that needs to be fixed.,technical
Why is my invoice higher than the Pro plan price?,billing
The software is not compatible with my operating system.,technical
The dashboard is not loading after the latest update.,account
I am experiencing issues with the billing functionality.,technical
How do I enable two factor authentication on my profile?,account
"I cannot reset my password, the email never arrives.",account
I need a refund for the duplicate payment of $49.,billing
Can you tell me more about the Basic plan features?,general
I was charged $120 twice on my Mastercard card this month.,billing
I would like to share some feedback about your service.,general
The export button does nothing and throws error NULL_REF.,account
The software is not compatible with my operating system.,technical
I would like to share some feedback about your service.,general
Do you offer a discount for students or non profits?,general
I need a refund for the duplicate payment of $9.99.,billing
There is a bug in the settings that needs to be fixed.,billing
The software is not compatible with my operating system.,technical
Sync keeps failing between my phone and the web reports.,general
There is an unexpected fee of $120 on my latest bill.,billing
How do I enable two factor authentication on my profile?,account
I need a refund for the duplicate payment of $120.,billing
I would like to share some feedback about your service.,general
I need a refund for the duplicate payment of $49.,billing
Can you tell me more about the Basic plan features?,general
Is there a mobile app available for calendar?,general
Is there a mobile app available for billing?,general
Why is my invoice higher than the Basic plan price?,billing
I get an error code NULL_REF when I try to log in.,general
Please help me change the email address on my account.,account
Can you tell me more about the Basic plan features?,general
I would like to share some feedback about your service.,general
I need a refund for the duplicate payment of $5.,billing
What are your customer support working hours?,billing
The API is returning a TIMEOUT error when I make a request.,technical
Do you offer a discount for students or non profits?,general
Please help me change the email address on my account.,account
The application is running slow and freezing frequently.,technical
My account is locked after too many login attempts.,account
There is an unexpected fee of $49 on my latest bill.,billing
I would like to share some feedback about your service.,general
Do you offer a discount for students or non profits?,general
I need a refund for the duplicate payment of $19.99.,billing
The API is returning a NULL_REF error when I make a request.,technical
The API is returning a 403 error when I make a request.,account
I would like to share some feedback about your service.,account
There is an unexpected fee of $19.99 on my latest bill.,billing
The application is running slow and freezing frequently.,technical
The software is not compatible with my operating system.,technical
The export button does nothing and throws error TIMEOUT.,account
I get an error code TIMEOUT when I try to log in.,account
Why is my invoice higher than the Enterprise plan price?,billing
Is there a mobile app available for settings?,general
The application is running slow and freezing frequently.,technical
I am experiencing issues with the reports functionality.,technical
I was charged $19.99 twice on my Visa card this month.,billing
"I cannot reset my password, the email never arrives.",account
Can you tell me more about the Enterprise plan features?,general
The dashboard is not loading after the latest update.,account
I was charged $19.99 twice on my Visa card this month.,billing
I am experiencing issues with the settings functionality.,technical
The application is running slow and freezing frequently.,technical
I was charged $9.99 twice on my Mastercard card this month.,billing
Why is my invoice higher than the Basic plan price?,billing
Do you offer a discount for students or non profits?,general
I was charged $49 twice on my Amex card this month.,billing
There is an unexpected fee of $19.99 on my latest bill.,billing
I am experiencing issues with the settings functionality.,technical
How do I enable two factor authentication on my profile?,account
The software is not compatible with my operating system.,technical
The software is not compatible with my operating system.,technical
There is an unexpected fee of $9.99 on my latest bill.,billing
The API is returning a 403 error when I make a request.,technical
I was charged $19.99 twice on my Amex card this month.,billing
I would like to share some feedback about your service.,general
There is a bug in the reports that needs to be fixed.,technical
Please help me change the email address on my account.,account
There is a bug in the reports that needs to be fixed.,technical
I get an error code NULL_REF when I try to log in.,account
There is a bug in the settings that needs to be fixed.,technical
I was charged $49 twice on my Mastercard card this month.,billing
My account is locked after too many login attempts.,account
My account is locked after too many login attempts.,account
I would like to share some feedback about your service.,general
What are your customer support working hours?,general
I would like to share some feedback about your service.,general
Do you offer a discount for students or non profits?,general
I was charged $19.99 twice on my Mastercard card this month.,billing
Why is my invoice higher than the Basic plan price?,billing
The API is returning a 403 error when I make a request.,technical
Do you offer a discount for students or non profits?,general
Is there a mobile app available for settings?,general
Please help me change the email address on my account.,account
Is there a mobile app available for settings?,general
Do you offer a discount for students or non profits?,general
Is there a mobile app available for billing?,general
The application is running slow and freezing frequently.,billing
My subscription renewed but I wanted to cancel the billing.,billing
There is a bug in the settings that needs to be fixed.,technical
I was charged $5 twice on my Mastercard card this month.,billing
The API is returning a NULL_REF error when I make a request.,technical
I want to delete my account and all of my data.,account
I was charged $120 twice on my Visa card this month.,billing
Please help me change the email address on my account.,account
I was charged $19.99 twice on my Amex card this month.,billing
The dashboard is not loading after the latest update.,account
The API is returning a NULL_REF error when I make a request.,technical
There is an unexpected fee of $120 on my latest bill.,billing
Is there a mobile app available for billing?,general
I would like to share some feedback about your service.,general
Can you tell me more about the Enterprise plan features?,general
"I cannot reset my password, the email never arrives.",billing
The API is returning a TIMEOUT error when I make a request.,technical
I need a refund for the duplicate payment of $120.,account
Please help me change the email address on my account.,account
I am experiencing issues with the billing functionality.,technical
I was charged $49 twice on my Visa card this month.,billing
There is an unexpected fee of $49 on my latest bill.,general
I would like to share some feedback about your service.,general
I need a refund for the duplicate payment of $120.,billing
How do I enable two factor authentication on my profile?,general
Why is my invoice higher than the Pro plan price?,billing
The dashboard is not loading after the latest update.,account
Please help me change the email address on my account.,account
There is an unexpected fee of $19.99 on my latest bill.,billing
I need a refund for the duplicate payment of $5.,billing
The software is not compatible with my operating system.,technical
There is an unexpected fee of $9.99 on my latest bill.,billing
I get an error code NULL_REF when I try to log in.,account
I get an error code TIMEOUT when I try to log in.,account
Please help me change the email address on my account.,account
Sync keeps failing between my phone and the web calendar.,account
Can you tell me more about the Basic plan features?,general
The software is not compatible with my operating system.,technical
I would like to share some feedback about your service.,general
Can you tell me more about the Enterprise plan features?,general
The API is returning a NULL_REF error when I make a request.,technical
The API is returning a NULL_REF error when I make a request.,technical
Why is my invoice higher than the Pro plan price?,billing
The dashboard is not loading after the latest update.,account
There is a bug in the billing that needs to be fixed.,technical
The application is running slow and freezing frequently.,technical
My account is locked after too many login attempts.,account
Is there a mobile app available for reports?,general
The dashboard is not loading after the latest update.,account
The application is running slow and freezing frequently.,technical
Do you offer a discount for students or non profits?,billing
How do I enable two factor authentication on my profile?,account
My subscription renewed but I wanted to cancel the billing.,billing
My subscription renewed but I wanted to cancel the billing.,billing
I am experiencing issues with the reports functionality.,technical
There is an unexpected fee of $5 on my latest bill.,billing
My account is locked after too many login attempts.,account
The software is not compatible with my operating system.,technical
"I cannot reset my password, the email never arrives.",account
What are your customer support working hours?,general
I am experiencing issues with the reports functionality.,technical
My account is locked after too many login attempts.,account
My subscription renewed but I wanted to cancel the billing.,billing
I need a refund for the duplicate payment of $5.,billing
The API is returning a 403 error when I make a request.,technical
The export button does nothing and throws error 500.,account
I was charged $19.99 twice on my Mastercard card this month.,billing
"I cannot reset my password, the email never arrives.",account
There is an unexpected fee of $19.99 on my latest bill.,billing
Do you offer a discount for students or non profits?,general
I would like to share some feedback about your service.,general
The API is returning a 403 error when I make a request.,technical
There is a bug in the settings that needs to be fixed.,technical
Do you offer a discount for students or non profits?,general
My subscription renewed but I wanted to cancel the billing.,billing
I would like to share some feedback about your service.,general
Why is my invoice higher than the Enterprise plan price?,billing
I need a refund for the duplicate payment of $120.,billing
My account is locked after too many login attempts.,account
Why is my invoice higher than the Enterprise plan price?,billing
The application is running slow and freezing frequently.,technical
"I cannot reset my password, the email never arrives.",account
Why is my invoice higher than the Basic plan price?,billing
The software is not compatible with my operating system.,technical
My account is locked after too many login attempts.,account
The API is returning a 403 error when I make a request.,technical
The export button does nothing and throws error 403.,account
There is a bug in the calendar that needs to be fixed.,technical
The application is running slow and freezing frequently.,technical
The application is running slow and freezing frequently.,technical
The API is returning a 403 error when I make a request.,general
The dashboard is not loading after the latest update.,account
The software is not compatible with my operating system.,technical
Is there a mobile app available for calendar?,general
I am experiencing issues with the settings functionality.,technical
Is there a mobile app available for billing?,general
The software is not compatible with my operating system.,technical
Sync keeps failing between my phone and the web calendar.,account
The application is running slow and freezing frequently.,technical
Sync keeps failing between my phone and the web calendar.,account
How do I enable two factor authentication on my profile?,account
Do you offer a discount for students or non profits?,technical
Please help me change the email address on my account.,account
Is there a mobile app available for settings?,billing
I need a refund for the duplicate payment of $19.99.,billing
How do I enable two factor authentication on my profile?,account
I was charged $49 twice on my Amex card this month.,billing
Please help me change the email address on my account.,account
The software is not compatible with my operating system.,technical
The dashboard is not loading after the latest update.,account
My account is locked after too many login attempts.,account
I want to delete my account and all of my data.,account
I get an error code TIMEOUT when I try to log in.,technical
I would like to share some feedback about your service.,general
I would like to share some feedback about your service.,general
How do I enable two factor authentication on my profile?,account
I want to delete my account and all of my data.,account
The API is returning a NULL_REF error when I make a request.,technical
The software is not compatible with my operating system.,technical
Do you offer a discount for students or non profits?,general
Why is my invoice higher than the Basic plan price?,account
There is a bug in the calendar that needs to be fixed.,technical
Do you offer a discount for students or non profits?,general
Is there a mobile app available for calendar?,general
The application is running slow and freezing frequently.,technical
The API is returning a 403 error when I make a request.,technical
How do I enable two factor authentication on my profile?,account
The software is not compatible with my operating system.,technical
There is an unexpected fee of $5 on my latest bill.,billing
Why is my invoice higher than the Pro plan price?,billing
The app crashes every time I open the settings page.,account
My subscription renewed but I wanted to cancel the billing.,billing
I need a refund for the duplicate payment of $19.99.,general
Is there a mobile app available for settings?,general
I need a refund for the duplicate payment of $9.99.,billing
I would like to share some feedback about your service.,general
I am experiencing issues with the reports functionality.,technical
"I cannot reset my password, the email never arrives.",account
There is an unexpected fee of $5 on my latest bill.,billing
I would like to share some feedback about your service.,general
Do you offer a discount for students or non profits?,technical
There is a bug in the calendar that needs to be fixed.,technical
The application is running slow and freezing frequently.,technical
I would like to share some feedback about your service.,general
The API is returning a 500 error when I make a request.,technical
There is a bug in the calendar that needs to be fixed.,technical
I would like to share some feedback about your service.,general
Do you offer a discount for students or non profits?,general
How do I enable two factor authentication on my profile?,account
Do you offer a discount for students or non profits?,account
What are your customer support working hours?,general
There is a bug in the reports that needs to be fixed.,technical
Do you offer a discount for students or non profits?,general
I would like to share some feedback about your service.,general
The API is returning a 403 error when I make a request.,technical
How do I enable two factor authentication on my profile?,billing
There is an unexpected fee of $9.99 on my latest bill.,billing
Do you offer a discount for students or non profits?,general
"I cannot reset my password, the email never arrives.",account
There is an unexpected fee of $9.99 on my latest bill.,billing
What are your customer support working hours?,general
Do you offer a discount for students or non profits?,account
How do I enable two factor authentication on my profile?,account
Can you tell me more about the Pro plan features?,general
I am experiencing issues with the billing functionality.,account
My subscription renewed but I wanted to cancel the billing.,billing
My subscription renewed but I wanted to cancel the billing.,billing
There is a bug in the calendar that needs to be fixed.,technical
I would like to share some feedback about your service.,general
Please help me change the email address on my account.,account
Why is my invoice higher than the Basic plan price?,billing
Why is my invoice higher than the Basic plan price?,billing
I am experiencing issues with the calendar functionality.,technical
The application is running slow and freezing frequently.,technical
What are your customer support working hours?,general
I was charged $19.99 twice on my Visa card this month.,billing
Is there a mobile app available for calendar?,general
I am experiencing issues with the settings functionality.,technical
Do you offer a discount for students or non profits?,general
My subscription renewed but I wanted to cancel the billing.,billing
Can you tell me more about the Enterprise plan features?,general
The app crashes every time I open the calendar page.,account
What are your customer support working hours?,general
My subscription renewed but I wanted to cancel the billing.,billing
I need a refund for the duplicate payment of $120.,billing
My subscription renewed but I wanted to cancel the billing.,billing
My account is locked after too many login attempts.,account
Why is my invoice higher than the Pro plan price?,billing
I would like to share some feedback about your service.,general
The software is not compatible with my operating system.,technical
How do I enable two factor authentication on my profile?,account
What are your customer support working hours?,general
Is there a mobile app available for settings?,general
The software is not compatible with my operating system.,technical
My subscription renewed but I wanted to cancel the billing.,billing
I am experiencing issues with the calendar functionality.,technical
Is there a mobile app available for settings?,general
I was charged $49 twice on my Mastercard card this month.,billing
I am experiencing issues with the reports functionality.,technical
Please help me change the email address on my account.,account
The application is running slow and freezing frequently.,technical
I would like to share some feedback about your service.,general
The app crashes every time I open the settings page.,account
I was charged $120 twice on my Mastercard card this month.,billing
I was charged $5 twice on my Amex card this month.,billing
There is an unexpected fee of $9.99 on my latest bill.,billing
The application is running slow and freezing frequently.,technical
The dashboard is not loading after the latest update.,account
Can you tell me more about the Pro plan features?,general
Why is my invoice higher than the Enterprise plan price?,billing
The application is running slow and freezing frequently.,technical
Is there a mobile app available for reports?,general
I would like to share some feedback about your service.,general
The application is running slow and freezing frequently.,technical
I would like to share some feedback about your service.,general
I am experiencing issues with the calendar functionality.,technical
There is a bug in the calendar that needs to be fixed.,technical
Can you tell me more about the Enterprise plan features?,general
My subscription renewed but I wanted to cancel the billing.,billing
There is an unexpected fee of $9.99 on my latest bill.,account
What are your customer support working hours?,general
Do you offer a discount for students or non profits?,general
The software is not compatible with my operating system.,account
Is there a mobile app available for settings?,general
"I cannot reset my password, the email never arrives.",account
There is a bug in the calendar that needs to be fixed.,technical
I would like to share some feedback about your service.,general
What are your customer support working hours?,general
I was charged $5 twice on my Mastercard card this month.,billing
The software is not compatible with my operating system.,technical
Sync keeps failing between my phone and the web reports.,account
I want to delete my account and all of my data.,account
The application is running slow and freezing frequently.,account
The API is returning a NULL_REF error when I make a request.,technical
I was charged $49 twice on my Mastercard card this month.,billing
I get an error code 500 when I try to log in.,account
My subscription renewed but I wanted to cancel the billing.,billing
My subscription renewed but I wanted to cancel the billing.,billing
The software is not compatible with my operating system.,technical
The API is returning a TIMEOUT error when I make a request.,technical
There is a bug in the billing that needs to be fixed.,technical
The API is returning a NULL_REF error when I make a request.,general
Do you offer a discount for students or non profits?,general
There is a bug in the billing that needs to be fixed.,technical
I want to delete my account and all of my data.,account
I would like to share some feedback about your service.,general
Is there a mobile app available for calendar?,general
What are your customer support working hours?,general
There is a bug in the calendar that needs to be fixed.,technical
Why is my invoice higher than the Pro plan price?,billing
The software is not compatible with my operating system.,technical
There is an unexpected fee of $120 on my latest bill.,billing
How do I enable two factor authentication on my profile?,account
The application is running slow and freezing frequently.,technical
The export button does nothing and throws error TIMEOUT.,account
I am experiencing issues with the calendar functionality.,account
Sync keeps failing between my phone and the web billing.,account
Do you offer a discount for students or non profits?,general
I get an error code 500 when I try to log in.,account
How do I enable two factor authentication on my profile?,account
Please help me change the email address on my account.,account
I am experiencing issues with the calendar functionality.,technical
What are your customer support working hours?,general
I get an error code NULL_REF when I try to log in.,account
I would like to share some feedback about your service.,general
I would like to share some feedback about your service.,general
The application is running slow and freezing frequently.,technical
I want to delete my account and all of my data.,account
Why is my invoice higher than the Enterprise plan price?,billing
There is an unexpected fee of $5 on my latest bill.,billing
Can you tell me more about the Basic plan features?,general
The application is running slow and freezing frequently.,technical
I am experiencing issues with the calendar functionality.,account
Can you tell me more about the Basic plan features?,general
I need a refund for the duplicate payment of $120.,billing
There is an unexpected fee of $49 on my latest bill.,billing
I was charged $9.99 twice on my Amex card this month.,billing
I am experiencing issues with the settings functionality.,technical
The API is returning a NULL_REF error when I make a request.,technical
There is an unexpected fee of $49 on my latest bill.,billing
I need a refund for the duplicate payment of $120.,technical
I would like to share some feedback about your service.,general
I was charged $19.99 twice on my Visa card this month.,billing
There is a bug in the calendar that needs to be fixed.,technical
The app crashes every time I open the settings page.,account
Do you offer a discount for students or non profits?,general
What are your customer support working hours?,general
I need a refund for the duplicate payment of $5.,billing
Why is my invoice higher than the Enterprise plan price?,billing
The API is returning a NULL_REF error when I make a request.,technical
I am experiencing issues with the settings functionality.,technical
I am experiencing issues with the calendar functionality.,technical
Do you offer a discount for students or non profits?,general
The dashboard is not loading after the latest update.,general
How do I enable two factor authentication on my profile?,account
I would like to share some feedback about your service.,general
The software is not compatible with my operating system.,technical
The app crashes every time I open the billing page.,account
I need a refund for the duplicate payment of $9.99.,billing
Why is my invoice higher than the Enterprise plan price?,billing
Please help me change the email address on my account.,account
"I cannot reset my password, the email never arrives.",account
I would like to share some feedback about your service.,general
"I cannot reset my password, the email never arrives.",account
The app crashes every time I open the billing page.,account
There is an unexpected fee of $120 on my latest bill.,billing
There is a bug in the calendar that needs to be fixed.,technical
I was charged $5 twice on my Visa card this month.,billing
Do you offer a discount for students or non profits?,general
Can you tell me more about the Pro plan features?,general
I was charged $120 twice on my Mastercard card this month.,billing
Do you offer a discount for students or non profits?,general
I need a refund for the duplicate payment of $49.,billing
Sync keeps failing between my phone and the web billing.,account
The app crashes every time I open the settings page.,account
The application is running slow and freezing frequently.,technical
Do you offer a discount for students or non profits?,general
What are your customer support working hours?,general
The application is running slow and freezing frequently.,technical
Why is my invoice higher than the Pro plan price?,billing
The software is not compatible with my operating system.,technical
Sync keeps failing between my phone and the web reports.,account
I want to delete my account and all of my data.,account
My subscription renewed but I wanted to cancel the billing.,billing
I need a refund for the duplicate payment of $120.,billing
I would like to share some feedback about your service.,general
Is there a mobile app available for settings?,general
Why is my invoice higher than the Basic plan price?,billing
Can you tell me more about the Pro plan features?,general
What are your customer support working hours?,general
Why is my invoice higher than the Enterprise plan price?,billing
Why is my invoice higher than the Basic plan price?,billing
I get an error code 500 when I try to log in.,general
There is an unexpected fee of $49 on my latest bill.,billing
The application is running slow and freezing frequently.,technical
The app crashes every time I open the settings page.,account
The application is running slow and freezing frequently.,technical
Do you offer a discount for students or non profits?,general
I was charged $9.99 twice on my Visa card this month.,billing
Why is my invoice higher than the Basic plan price?,billing
Do you offer a discount for students or non profits?,general
Do you offer a discount for students or non profits?,general
There is an unexpected fee of $9.99 on my latest bill.,billing
Is there a mobile app available for reports?,general
What are your customer support working hours?,general
My subscription renewed but I wanted to cancel the billing.,billing
Can you tell me more about the Enterprise plan features?,general
My subscription renewed but I wanted to cancel the billing.,billing
The application is running slow and freezing frequently.,technical
There is an unexpected fee of $19.99 on my latest bill.,billing
The software is not compatible with my operating system.,technical
Is there a mobile app available for calendar?,general
The application is running slow and freezing frequently.,account
Can you tell me more about the Enterprise plan features?,general
How do I enable two factor authentication on my profile?,account
I am experiencing issues with the calendar functionality.,technical
The export button does nothing and throws error TIMEOUT.,account
The application is running slow and freezing frequently.,technical
My subscription renewed but I wanted to cancel the billing.,billing
I am experiencing issues with the reports functionality.,technical
Is there a mobile app available for settings?,general
How do I enable two factor authentication on my profile?,account
The dashboard is not loading after the latest update.,account
My subscription renewed but I wanted to cancel the billing.,billing
Why is my invoice higher than the Enterprise plan price?,billing
I am experiencing issues with the calendar functionality.,technical
Please help me change the email address on my account.,account
The application is running slow and freezing frequently.,technical
I need a refund for the duplicate payment of $9.99.,billing
The API is returning a NULL_REF error when I make a request.,technical
The app crashes every time I open the reports page.,account
The dashboard is not loading after the latest update.,account
The dashboard is not loading after the latest update.,account
I am experiencing issues with the billing functionality.,account
I was charged $19.99 twice on my Mastercard card this month.,billing
I need a refund for the duplicate payment of $19.99.,billing
The API is returning a TIMEOUT error when I make a request.,technical
Do you offer a discount for students or non profits?,general
I am experiencing issues with the billing functionality.,technical
"I cannot reset my password, the email never arrives.",account
The application is running slow and freezing frequently.,technical
The software is not compatible with my operating system.,technical
The API is returning a 403 error when I make a request.,account
The software is not compatible with my operating system.,technical
What are your customer support working hours?,general
Can you tell me more about the Basic plan features?,general
Can you tell me more about the Pro plan features?,general
What are your customer support working hours?,general
I want to delete my account and all of my data.,account
Is there a mobile app available for settings?,general
Why is my invoice higher than the Basic plan price?,billing
What are your customer support working hours?,general
Please help me change the email address on my account.,account
The API is returning a TIMEOUT error when I make a request.,technical
The application is running slow and freezing frequently.,technical
Sync keeps failing between my phone and the web reports.,account
Please help me change the email address on my account.,account
Is there a mobile app available for settings?,general
The export button does nothing and throws error NULL_REF.,general
The API is returning a 500 error when I make a request.,technical
I need a refund for the duplicate payment of $5.,billing
I need a refund for the duplicate payment of $19.99.,billing
The app crashes every time I open the billing page.,account
The export button does nothing and throws error TIMEOUT.,account
Sync keeps failing between my phone and the web billing.,account
The app crashes every time I open the settings page.,account
Please help me change the email address on my account.,account
My subscription renewed but I wanted to cancel the billing.,billing
There is a bug in the billing that needs to be fixed.,technical
There is a bug in the billing that needs to be fixed.,technical
Is there a mobile app available for settings?,general
Sync keeps failing between my phone and the web calendar.,account
What are your customer support working hours?,general
I need a refund for the duplicate payment of $19.99.,billing
The API is returning a 500 error when I make a request.,technical
"I cannot reset my password, the email never arrives.",account
Is there a mobile app available for settings?,general
There is an unexpected fee of $9.99 on my latest bill.,billing
The API is returning a NULL_REF error when I make a request.,technical
There is a bug in the reports that needs to be fixed.,technical
There is a bug in the reports that needs to be fixed.,technical
I would like to share some feedback about your service.,billing
The application is running slow and freezing frequently.,technical
Do you offer a discount for students or non profits?,general
My subscription renewed but I wanted to cancel the billing.,billing
The API is returning a 500 error when I make a request.,technical
I want to delete my account and all of my data.,account
Is there a mobile app available for billing?,general
The software is not compatible with my operating system.,technical
My subscription renewed but I wanted to cancel the billing.,billing
I am experiencing issues with the billing functionality.,technical
What are your customer support working hours?,general
How do I enable two factor authentication on my profile?,account
I would like to share some feedback about your service.,general
There is a bug in the reports that needs to be fixed.,technical
The software is not compatible with my operating system.,technical
Is there a mobile app available for calendar?,general
I need a refund for the duplicate payment of $120.,billing
Please help me change the email address on my account.,account
There is a bug in the billing that needs to be fixed.,technical
Is there a mobile app available for calendar?,general
The software is not compatible with my operating system.,billing
I am experiencing issues with the settings functionality.,technical
I get an error code 403 when I try to log in.,account
Can you tell me more about the Basic plan features?,general
I was charged $5 twice on my Mastercard card this month.,billing
The API is returning a 403 error when I make a request.,technical
Do you offer a discount for students or non profits?,general
I would like to share some feedback about your service.,general
There is a bug in the reports that needs to be fixed.,billing
The API is returning a NULL_REF error when I make a request.,technical
I was charged $5 twice on my Amex card this month.,billing
What are your customer support working hours?,general
The dashboard is not loading after the latest update.,account
There is an unexpected fee of $9.99 on my latest bill.,billing
There is an unexpected fee of $120 on my latest bill.,billing
I need a refund for the duplicate payment of $19.99.,billing
I am experiencing issues with the reports functionality.,technical
There is a bug in the reports that needs to be fixed.,technical
My subscription renewed but I wanted to cancel the billing.,billing
Do you offer a discount for students or non profits?,general
My subscription renewed but I wanted to cancel the billing.,billing
The API is returning a 403 error when I make a request.,technical
My subscription renewed but I wanted to cancel the billing.,billing
Sync keeps failing between my phone and the web reports.,account
Why is my invoice higher than the Enterprise plan price?,billing
Can you tell me more about the Basic plan features?,general
I want to delete my account and all of my data.,account
The software is not compatible with my operating system.,technical
Do you offer a discount for students or non profits?,general
I need a refund for the duplicate payment of $49.,billing
I would like to share some feedback about your service.,technical
What are your customer support working hours?,account
The app crashes every time I open the reports page.,account
I would like to share some feedback about your service.,general
Do you offer a discount for students or non profits?,general
The API is returning a 500 error when I make a request.,technical
What are your customer support working hours?,general
My account is locked after too many login attempts.,billing
Is there a mobile app available for billing?,general
Why is my invoice higher than the Basic plan price?,billing
I need a refund for the duplicate payment of $19.99.,billing
The software is not compatible with my operating system.,technical
My account is locked after too many login attempts.,account
There is a bug in the billing that needs to be fixed.,technical
The software is not compatible with my operating system.,technical
I would like to share some feedback about your service.,general
The app crashes every time I open the calendar page.,account
The app crashes every time I open the billing page.,account
"I cannot reset my password, the email never arrives.",account
Why is my invoice higher than the Enterprise plan price?,billing
The software is not compatible with my operating system.,technical
The dashboard is not loading after the latest update.,account
I was charged $120 twice on my Visa card this month.,billing
Why is my invoice higher than the Basic plan price?,billing
The software is not compatible with my operating system.,technical
I am experiencing issues with the reports functionality.,technical
I would like to share some feedback about your service.,general
I am experiencing issues with the calendar functionality.,technical
The API is returning a TIMEOUT error when I make a request.,technical
The API is returning a NULL_REF error when I make a request.,account
Is there a mobile app available for billing?,general
Can you tell me more about the Enterprise plan features?,general
There is a bug in the reports that needs to be fixed.,technical
Do you offer a discount for students or non profits?,general
How do I enable two factor authentication on my profile?,account
The API is returning a NULL_REF error when I make a request.,technical
I would like to share some feedback about your service.,general
Do you offer a discount for students or non profits?,general
What are your customer support working hours?,general
The application is running slow and freezing frequently.,account
Is there a mobile app available for calendar?,general
Please help me change the email address on my account.,account
My subscription renewed but I wanted to cancel the billing.,billing
My subscription renewed but I wanted to cancel the billing.,billing
I am experiencing issues with the calendar functionality.,technical
I want to delete my account and all of my data.,account
The app crashes every time I open the calendar page.,account
I am experiencing issues with the calendar functionality.,account
Why is my invoice higher than the Pro plan price?,billing
The API is returning a 403 error when I make a request.,technical
The application is running slow and freezing frequently.,technical
My subscription renewed but I wanted to cancel the billing.,billing
There is an unexpected fee of $19.99 on my latest bill.,billing
There is a bug in the settings that needs to be fixed.,technical
Can you tell me more about the Pro plan features?,general
I was charged $5 twice on my Mastercard card this month.,billing
Sync keeps failing between my phone and the web calendar.,account
Why is my invoice higher than the Pro plan price?,billing
Can you tell me more about the Pro plan features?,general
What are your customer support working hours?,general
I am experiencing issues with the billing functionality.,technical
My subscription renewed but I wanted to cancel the billing.,billing
I am experiencing issues with the billing functionality.,technical
The API is returning a NULL_REF error when I make a request.,technical
Why is my invoice higher than the Basic plan price?,billing
Do you offer a discount for students or non profits?,general
The app crashes every time I open the billing page.,account
I was charged $9.99 twice on my Mastercard card this month.,billing
There is an unexpected fee of $9.99 on my latest bill.,billing
Can you tell me more about the Enterprise plan features?,general
My account is locked after too many login attempts.,account
How do I enable two factor authentication on my profile?,account
"I cannot reset my password, the email never arrives.",account
The API is returning a NULL_REF error when I make a request.,technical
I need a refund for the duplicate payment of $49.,billing
My subscription renewed but I wanted to cancel the billing.,billing
What are your customer support working hours?,billing
Sync keeps failing between my phone and the web settings.,account
Can you tell me more about the Pro plan features?,general
I need a refund for the duplicate payment of $9.99.,billing
I need a refund for the duplicate payment of $120.,billing
Is there a mobile app available for reports?,general
Do you offer a discount for students or non profits?,general
How do I enable two factor authentication on my profile?,account
The software is not compatible with my operating system.,technical
Why is my invoice higher than the Pro plan price?,billing
I want to delete my account and all of my data.,account
What are your customer support working hours?,general
My subscription renewed but I wanted to cancel the billing.,billing
I am experiencing issues with the billing functionality.,technical
I was charged $120 twice on my Amex card this month.,account
I would like to share some feedback about your service.,general
My account is locked after too many login attempts.,account
Why is my invoice higher than the Enterprise plan price?,billing
Do you offer a discount for students or non profits?,general
Sync keeps failing between my phone and the web reports.,account
Is there a mobile app available for calendar?,general
The API is returning a 500 error when I make a request.,technical
I was charged $49 twice on my Amex card this month.,billing
The application is running slow and freezing frequently.,technical
The API is returning a NULL_REF error when I make a request.,technical
I need a refund for the duplicate payment of $9.99.,billing
There is a bug in the calendar that needs to be fixed.,technical
The dashboard is not loading after the latest update.,account
The application is running slow and freezing frequently.,technical
I would like to share some feedback about your service.,general
Sync keeps failing between my phone and the web calendar.,account
The software is not compatible with my operating system.,technical
There is an unexpected fee of $49 on my latest bill.,billing
I need a refund for the duplicate payment of $5.,billing
There is a bug in the settings that needs to be fixed.,technical
Do you offer a discount for students or non profits?,general
The dashboard is not loading after the latest update.,account
I am experiencing issues with the reports functionality.,technical
There is a bug in the calendar that needs to be fixed.,technical
The application is running slow and freezing frequently.,technical
Please help me change the email address on my account.,account
Please help me change the email address on my account.,account
The export button does nothing and throws error 403.,account
Do you offer a discount for students or non profits?,general
I need a refund for the duplicate payment of $120.,billing
There is a bug in the calendar that needs to be fixed.,technical
I am experiencing issues with the billing functionality.,technical
The application is running slow and freezing frequently.,technical
Why is my invoice higher than the Pro plan price?,billing
What are your customer support working hours?,general
I need a refund for the duplicate payment of $120.,billing
I was charged $5 twice on my Amex card this month.,billing
What are your customer support working hours?,general
What are your customer support working hours?,technical
Is there a mobile app available for settings?,general
There is a bug in the reports that needs to be fixed.,technical
I would like to share some feedback about your service.,general
I would like to share some feedback about your service.,billing
I was charged $120 twice on my Amex card this month.,billing
The application is running slow and freezing frequently.,technical
I would like to share some feedback about your service.,general
There is an unexpected fee of $19.99 on my latest bill.,billing
I would like to share some feedback about your service.,general
I need a refund for the duplicate payment of $9.99.,billing
There is a bug in the reports that needs to be fixed.,technical
Do you offer a discount for students or non profits?,general
Why is my invoice higher than the Enterprise plan price?,billing
The software is not compatible with my operating system.,technical
There is an unexpected fee of $120 on my latest bill.,billing
I was charged $19.99 twice on my Amex card this month.,billing
The application is running slow and freezing frequently.,technical
I was charged $9.99 twice on my Amex card this month.,billing
There is a bug in the reports that needs to be fixed.,technical
There is an unexpected fee of $49 on my latest bill.,billing
What are your customer support working hours?,general
I want to delete my account and all of my data.,account
How do I enable two factor authentication on my profile?,account
The application is running slow and freezing frequently.,technical
Why is my invoice higher than the Basic plan price?,billing
Sync keeps failing between my phone and the web billing.,account
The software is not compatible with my operating system.,technical
The software is not compatible with my operating system.,technical
The export button does nothing and throws error NULL_REF.,account
There is a bug in the calendar that needs to be fixed.,account
What are your customer support working hours?,general
I need a refund for the duplicate payment of $19.99.,billing
There is a bug in the billing that needs to be fixed.,technical
Is there a mobile app available for reports?,general
The application is running slow and freezing frequently.,technical
There is an unexpected fee of $120 on my latest bill.,billing
"I cannot reset my password, the email never arrives.",account
I am experiencing issues with the settings functionality.,general
There is a bug in the reports that needs to be fixed.,technical
Why is my invoice higher than the Enterprise plan price?,billing
How do I enable two factor authentication on my profile?,account
Do you offer a discount for students or non profits?,general
I want to delete my account and all of my data.,account
I was charged $19.99 twice on my Mastercard card this month.,billing
What are your customer support working hours?,general
Is there a mobile app available for billing?,general
I am experiencing issues with the billing functionality.,technical
The app crashes every time I open the settings page.,account
The software is not compatible with my operating system.,technical
What are your customer support working hours?,general
My account is locked after too many login attempts.,account
Please help me change the email address on my account.,account
The API is returning a 500 error when I make a request.,technical
I would like to share some feedback about your service.,general
I was charged $19.99 twice on my Visa card this month.,billing
I was charged $49 twice on my Amex card this month.,billing
My subscription renewed but I wanted to cancel the billing.,billing
There is a bug in the calendar that needs to be fixed.,technical
My subscription renewed but I wanted to cancel the billing.,technical
My subscription renewed but I wanted to cancel the billing.,billing
Sync keeps failing between my phone and the web reports.,account
The software is not compatible with my operating system.,technical
The application is running slow and freezing frequently.,technical
The software is not compatible with my operating system.,technical
My subscription renewed but I wanted to cancel the billing.,billing
The API is returning a 500 error when I make a request.,technical
The software is not compatible with my operating system.,technical
I need a refund for the duplicate payment of $49.,billing
Sync keeps failing between my phone and the web reports.,account
What are your customer support working hours?,general
My subscription renewed but I wanted to cancel the billing.,billing
Do you offer a discount for students or non profits?,general
I would like to share some feedback about your service.,general
I was charged $49 twice on my Amex card this month.,billing
The app crashes every time I open the reports page.,account
The application is running slow and freezing frequently.,technical
There is a bug in the reports that needs to be fixed.,technical
Why is my invoice higher than the Enterprise plan price?,billing
Is there a mobile app available for settings?,general
What are your customer support working hours?,general
I get an error code NULL_REF when I try to log in.,account
What are your customer support working hours?,general
Do you offer a discount for students or non profits?,general
The application is running slow and freezing frequently.,technical
Why is my invoice higher than the Pro plan price?,billing
The app crashes every time I open the billing page.,account
I would like to share some feedback about your service.,general
Can you tell me more about the Pro plan features?,general
The API is returning a NULL_REF error when I make a request.,technical
What are your customer support working hours?,general
I was charged $19.99 twice on my Visa card this month.,billing
Why is my invoice higher than the Basic plan price?,billing
Please help me change the email address on my account.,account
My subscription renewed but I wanted to cancel the billing.,billing
My account is locked after too many login attempts.,general
The software is not compatible with my operating system.,technical
I am experiencing issues with the settings functionality.,technical
Sync keeps failing between my phone and the web calendar.,account
There is an unexpected fee of $5 on my latest bill.,billing
I am experiencing issues with the reports functionality.,technical
I need a refund for the duplicate payment of $19.99.,billing
Do you offer a discount for students or non profits?,general
I was charged $120 twice on my Mastercard card this month.,billing
I am experiencing issues with the settings functionality.,technical
There is an unexpected fee of $120 on my latest bill.,billing
I get an error code TIMEOUT when I try to log in.,account
Please help me change the email address on my account.,account
Why is my invoice higher than the Basic plan price?,account
The API is returning a NULL_REF error when I make a request.,technical
My subscription renewed but I wanted to cancel the billing.,billing
I would like to share some feedback about your service.,general
I was charged $9.99 twice on my Amex card this month.,billing
The API is returning a TIMEOUT error when I make a request.,technical
How do I enable two factor authentication on my profile?,account
Sync keeps failing between my phone and the web settings.,account
Do you offer a discount for students or non profits?,general
The software is not compatible with my operating system.,technical
I am experiencing issues with the calendar functionality.,technical
There is an unexpected fee of $5 on my latest bill.,billing
What are your customer support working hours?,general
The application is running slow and freezing frequently.,technical
Can you tell me more about the Enterprise plan features?,general
"I cannot reset my password, the email never arrives.",account
My subscription renewed but I wanted to cancel the billing.,general
Why is my invoice higher than the Enterprise plan price?,billing
The API is returning a 500 error when I make a request.,technical
Why is my invoice higher than the Enterprise plan price?,billing
Can you tell me more about the Enterprise plan features?,general
There is a bug in the calendar that needs to be fixed.,technical
Is there a mobile app available for settings?,general
Why is my invoice higher than the Enterprise plan price?,billing
There is an unexpected fee of $120 on my latest bill.,billing
The export button does nothing and throws error 403.,account
I want to delete my account and all of my data.,account
The application is running slow and freezing frequently.,technical
The app crashes every time I open the billing page.,account
The dashboard is not loading after the latest update.,account
Why is my invoice higher than the Basic plan price?,billing
I need a refund for the duplicate payment of $5.,billing
I get an error code TIMEOUT when I try to log in.,account
Can you tell me more about the Pro plan features?,general
I was charged $49 twice on my Visa card this month.,billing
The dashboard is not loading after the latest update.,account
There is an unexpected fee of $5 on my latest bill.,billing
I would like to share some feedback about your service.,general
There is a bug in the billing that needs to be fixed.,technical
The software is not compatible with my operating system.,technical
What are your customer support working hours?,general
I would like to share some feedback about your service.,general
Do you offer a discount for students or non profits?,general
What are your customer support working hours?,general
I am experiencing issues with the calendar functionality.,technical
The API is returning a 500 error when I make a request.,technical
There is a bug in the billing that needs to be fixed.,billing
What are your customer support working hours?,general
Do you offer a discount for students or non profits?,general
The application is running slow and freezing frequently.,technical
Is there a mobile app available for reports?,general
I was charged $19.99 twice on my Visa card this month.,billing
The dashboard is not loading after the latest update.,account
I was charged $9.99 twice on my Amex card this month.,billing
I get an error code 403 when I try to log in.,account
What are your customer support working hours?,general
What are your customer support working hours?,general
I want to delete my account and all of my data.,account
I was charged $5 twice on my Mastercard card this month.,billing
What are your customer support working hours?,technical
Why is my invoice higher than the Pro plan price?,billing
The export button does nothing and throws error 403.,account
Do you offer a discount for students or non profits?,general
Why is my invoice higher than the Basic plan price?,billing
"I cannot reset my password, the email never arrives.",account
I need a refund for the duplicate payment of $9.99.,billing
I am experiencing issues with the calendar functionality.,technical
There is a bug in the billing that needs to be fixed.,technical
How do I enable two factor authentication on my profile?,account
I get an error code TIMEOUT when I try to log in.,account
The export button does nothing and throws error 500.,account
I am experiencing issues with the settings functionality.,technical
Is there a mobile app available for reports?,general
I would like to share some feedback about your service.,general
The dashboard is not loading after the latest update.,account
I would like to share some feedback about your service.,general
Is there a mobile app available for calendar?,general
The dashboard is not loading after the latest update.,account
There is a bug in the calendar that needs to be fixed.,technical
Can you tell me more about the Enterprise plan features?,general
Do you offer a discount for students or non profits?,general
Can you tell me more about the Enterprise plan features?,general
The application is running slow and freezing frequently.,technical
Why is my invoice higher than the Basic plan price?,billing
What are your customer support working hours?,general
I need a refund for the duplicate payment of $49.,billing
The API is returning a NULL_REF error when I make a request.,technical
What are your customer support working hours?,general
The application is running slow and freezing frequently.,technical
Why is my invoice higher than the Pro plan price?,billing
I would like to share some feedback about your service.,billing
My subscription renewed but I wanted to cancel the billing.,billing
The application is running slow and freezing frequently.,technical
The application is running slow and freezing frequently.,technical
There is an unexpected fee of $120 on my latest bill.,billing
There is a bug in the billing that needs to be fixed.,technical
My account is locked after too many login attempts.,account
My account is locked after too many login attempts.,account
I need a refund for the duplicate payment of $9.99.,billing
There is an unexpected fee of $19.99 on my latest bill.,billing
My subscription renewed but I wanted to cancel the billing.,billing
Can you tell me more about the Enterprise plan features?,general
Sync keeps failing between my phone and the web calendar.,account
I get an error code NULL_REF when I try to log in.,account
I am experiencing issues with the calendar functionality.,technical
There is a bug in the billing that needs to be fixed.,technical
My subscription renewed but I wanted to cancel the billing.,billing
Is there a mobile app available for billing?,account
What are your customer support working hours?,general
I was charged $49 twice on my Amex card this month.,billing
The app crashes every time I open the billing page.,account
I was charged $19.99 twice on my Amex card this month.,account
The software is not compatible with my operating system.,technical
Why is my invoice higher than the Pro plan price?,billing
Do you offer a discount for students or non profits?,billing
The app crashes every time I open the settings page.,account
Can you tell me more about the Basic plan features?,general
I would like to share some feedback about your service.,general
I need a refund for the duplicate payment of $120.,billing
There is an unexpected fee of $19.99 on my latest bill.,general
Can you tell me more about the Basic plan features?,general
There is a bug in the reports that needs to be fixed.,technical
Why is my invoice higher than the Basic plan price?,billing
I am experiencing issues with the settings functionality.,technical
The API is returning a TIMEOUT error when I make a request.,technical
Do you offer a discount for students or non profits?,general
What are your customer support working hours?,general
Why is my invoice higher than the Enterprise plan price?,billing
Do you offer a discount for students or non profits?,general
The API is returning a 500 error when I make a request.,technical
I would like to share some feedback about your service.,general
The dashboard is not loading after the latest update.,account
I get an error code 500 when I try to log in.,account
I would like to share some feedback about your service.,general
My account is locked after too many login attempts.,account
The application is running slow and freezing frequently.,technical
Do you offer a discount for students or non profits?,general
Please help me change the email address on my account.,account
There is a bug in the settings that needs to be fixed.,technical
"I cannot reset my password, the email never arrives.",general
I would like to share some feedback about your service.,general
There is an unexpected fee of $9.99 on my latest bill.,billing
The software is not compatible with my operating system.,billing
Please help me change the email address on my account.,account
Do you offer a discount for students or non profits?,general
Do you offer a discount for students or non profits?,general
Can you tell me more about the Pro plan features?,general
The application is running slow and freezing frequently.,technical
Is there a mobile app available for billing?,general
I need a refund for the duplicate payment of $49.,billing
What are your customer support working hours?,general
Do you offer a discount for students or non profits?,general
There is an unexpected fee of $19.99 on my latest bill.,billing
I am experiencing issues with the settings functionality.,technical
Do you offer a discount for students or non profits?,general
Please help me change the email address on my account.,account
The application is running slow and freezing frequently.,technical
My subscription renewed but I wanted to cancel the billing.,billing
The application is running slow and freezing frequently.,technical
Please help me change the email address on my account.,general
Can you tell me more about the Basic plan features?,general
The dashboard is not loading after the latest update.,account
My subscription renewed but I wanted to cancel the billing.,billing
The dashboard is not loading after the latest update.,account
Is there a mobile app available for calendar?,general
There is a bug in the settings that needs to be fixed.,technical
Do you offer a discount for students or non profits?,general
The application is running slow and freezing frequently.,technical
The API is returning a TIMEOUT error when I make a request.,general
There is a bug in the settings that needs to be fixed.,technical
I would like to share some feedback about your service.,general
My subscription renewed but I wanted to cancel the billing.,billing
There is a bug in the reports that needs to be fixed.,technical
Can you tell me more about the Basic plan features?,general
The API is returning a 403 error when I make a request.,technical
I need a refund for the duplicate payment of $49.,account
My subscription renewed but I wanted to cancel the billing.,billing
Is there a mobile app available for calendar?,general
Can you tell me more about the Pro plan features?,general
There is a bug in the calendar that needs to be fixed.,technical
The software is not compatible with my operating system.,technical
Please help me change the email address on my account.,account
I was charged $9.99 twice on my Visa card this month.,billing
Do you offer a discount for students or non profits?,general
My subscription renewed but I wanted to cancel the billing.,billing
I need a refund for the duplicate payment of $120.,billing
Can you tell me more about the Pro plan features?,general
Do you offer a discount for students or non profits?,general
Is there a mobile app available for calendar?,account
The software is not compatible with my operating system.,technical
The export button does nothing and throws error NULL_REF.,account
My subscription renewed but I wanted to cancel the billing.,billing
The API is returning a TIMEOUT error when I make a request.,technical
What are your customer support working hours?,general
What are your customer support working hours?,general
Do you offer a discount for students or non profits?,general
What are your customer support working hours?,general
What are your customer support working hours?,general
I want to delete my account and all of my data.,account
The application is running slow and freezing frequently.,technical
The software is not compatible with my operating system.,technical
I would like to share some feedback about your service.,general
The API is returning a 403 error when I make a request.,billing
Do you offer a discount for students or non profits?,general
The application is running slow and freezing frequently.,technical
There is an unexpected fee of $120 on my latest bill.,technical
I would like to share some feedback about your service.,general
The API is returning a 403 error when I make a request.,technical
There is a bug in the settings that needs to be fixed.,technical
I get an error code 403 when I try to log in.,account
I was charged $120 twice on my Amex card this month.,billing
The API is returning a TIMEOUT error when I make a request.,technical
I was charged $120 twice on my Mastercard card this month.,billing
There is a bug in the reports that needs to be fixed.,technical
My subscription renewed but I wanted to cancel the billing.,billing
There is a bug in the calendar that needs to be fixed.,technical
What are your customer support working hours?,general
Why is my invoice higher than the Enterprise plan price?,billing
I was charged $49 twice on my Mastercard card this month.,billing
Why is my invoice higher than the Enterprise plan price?,billing
Why is my invoice higher than the Enterprise plan price?,billing
I am experiencing issues with the settings functionality.,technical
The application is running slow and freezing frequently.,technical
The application is running slow and freezing frequently.,technical
The API is returning a TIMEOUT error when I make a request.,technical
I need a refund for the duplicate payment of $5.,billing
Is there a mobile app available for calendar?,general
What are your customer support working hours?,general
The API is returning a NULL_REF error when I make a request.,technical
The dashboard is not loading after the latest update.,account
Is there a mobile app available for calendar?,general
"I cannot reset my password, the email never arrives.",account
Is there a mobile app available for billing?,general
I get an error code NULL_REF when I try to log in.,account
There is an unexpected fee of $49 on my latest bill.,billing
How do I enable two factor authentication on my profile?,account
Please help me change the email address on my account.,technical
Please help me change the email address on my account.,account
Sync keeps failing between my phone and the web reports.,account
"I cannot reset my password, the email never arrives.",account
I get an error code 500 when I try to log in.,account
I need a refund for the duplicate payment of $19.99.,billing
Sync keeps failing between my phone and the web reports.,account
The software is not compatible with my operating system.,technical
How do I enable two factor authentication on my profile?,account
There is an unexpected fee of $120 on my latest bill.,billing
I would like to share some feedback about your service.,general
I am experiencing issues with the reports functionality.,technical
Do you offer a discount for students or non profits?,general
Do you offer a discount for students or non profits?,general
The software is not compatible with my operating system.,technical
What are your customer support working hours?,general
The app crashes every time I open the reports page.,account
The dashboard is not loading after the latest update.,account
Do you offer a discount for students or non profits?,general
I need a refund for the duplicate payment of $9.99.,billing
I would like to share some feedback about your service.,general
Please help me change the email address on my account.,account
Can you tell me more about the Basic plan features?,general
Is there a mobile app available for reports?,general
I was charged $19.99 twice on my Visa card this month.,billing
The application is running slow and freezing frequently.,technical
What are your customer support working hours?,general
The API is returning a 500 error when I make a request.,technical
I need a refund for the duplicate payment of $9.99.,billing
I get an error code TIMEOUT when I try to log in.,account
I would like to share some feedback about your service.,general
The software is not compatible with my operating system.,technical
The API is returning a 403 error when I make a request.,technical
Is there a mobile app available for reports?,general
The software is not compatible with my operating system.,technical
I would like to share some feedback about your service.,general
What are your customer support working hours?,account
I need a refund for the duplicate payment of $5.,billing
I am experiencing issues with the reports functionality.,general
Why is my invoice higher than the Basic plan price?,billing
Is there a mobile app available for billing?,general
Sync keeps failing between my phone and the web settings.,account
My account is locked after too many login attempts.,account
Why is my invoice higher than the Basic plan price?,billing
Is there a mobile app available for billing?,general
The application is running slow and freezing frequently.,technical
The API is returning a 500 error when I make a request.,technical
I was charged $19.99 twice on my Visa card this month.,billing
The API is returning a 500 error when I make a request.,technical
I would like to share some feedback about your service.,general
I need a refund for the duplicate payment of $120.,billing
Can you tell me more about the Pro plan features?,general
My subscription renewed but I wanted to cancel the billing.,billing
I was charged $120 twice on my Amex card this month.,billing
The API is returning a 403 error when I make a request.,technical
I want to delete my account and all of my data.,account
Do you offer a discount for students or non profits?,general
The application is running slow and freezing frequently.,technical
I was charged $5 twice on my Mastercard card this month.,billing
I need a refund for the duplicate payment of $19.99.,billing
Is there a mobile app available for calendar?,general
My account is locked after too many login attempts.,account
The API is returning a TIMEOUT error when I make a request.,technical
The app crashes every time I open the reports page.,account
I would like to share some feedback about your service.,general
I am experiencing issues with the settings functionality.,technical
I am experiencing issues with the settings functionality.,technical
The application is running slow and freezing frequently.,technical
I would like to share some feedback about your service.,account
Why is my invoice higher than the Enterprise plan price?,billing
There is an unexpected fee of $49 on my latest bill.,billing
My subscription renewed but I wanted to cancel the billing.,billing
Do you offer a discount for students or non profits?,billing
Sync keeps failing between my phone and the web billing.,account
I was charged $49 twice on my Amex card this month.,billing
I would like to share some feedback about your service.,general
My account is locked after too many login attempts.,account
Do you offer a discount for students or non profits?,general
"I cannot reset my password, the email never arrives.",account
Do you offer a discount for students or non profits?,general
Why is my invoice higher than the Pro plan price?,billing
The API is returning a NULL_REF error when I make a request.,general
Sync keeps failing between my phone and the web reports.,account
Do you offer a discount for students or non profits?,general
Can you tell me more about the Basic plan features?,general
"I cannot reset my password, the email never arrives.",account
I would like to share some feedback about your service.,general
There is an unexpected fee of $5 on my latest bill.,billing
My subscription renewed but I wanted to cancel the billing.,billing
The export button does nothing and throws error 500.,account
What are your customer support working hours?,general
The software is not compatible with my operating system.,technical
The API is returning a NULL_REF error when I make a request.,technical
The app crashes every time I open the calendar page.,account
I was charged $120 twice on my Mastercard card this month.,account
I was charged $49 twice on my Visa card this month.,billing
I want to delete my account and all of my data.,account
The application is running slow and freezing frequently.,technical
I am experiencing issues with the calendar functionality.,technical
I need a refund for the duplicate payment of $19.99.,account
There is a bug in the calendar that needs to be fixed.,technical
I need a refund for the duplicate payment of $49.,billing
The software is not compatible with my operating system.,technical
How do I enable two factor authentication on my profile?,account
The API is returning a 403 error when I make a request.,technical
The API is returning a TIMEOUT error when I make a request.,general
There is a bug in the calendar that needs to be fixed.,general
I want to delete my account and all of my data.,account
My account is locked after too many login attempts.,account
Is there a mobile app available for calendar?,general
My subscription renewed but I wanted to cancel the billing.,technical
Sync keeps failing between my phone and the web settings.,account
The app crashes every time I open the calendar page.,account
My subscription renewed but I wanted to cancel the billing.,billing
Do you offer a discount for students or non profits?,account
I need a refund for the duplicate payment of $5.,account
I would like to share some feedback about your service.,general
There is an unexpected fee of $5 on my latest bill.,billing
Why is my invoice higher than the Enterprise plan price?,billing
What are your customer support working hours?,general
The API is returning a TIMEOUT error when I make a request.,technical
My subscription renewed but I wanted to cancel the billing.,billing
The application is running slow and freezing frequently.,technical
There is an unexpected fee of $9.99 on my latest bill.,billing
My subscription renewed but I wanted to cancel the billing.,general
Do you offer a discount for students or non profits?,general
Please help me change the email address on my account.,account
I am experiencing issues with the settings functionality.,technical
Can you tell me more about the Basic plan features?,general
Why is my invoice higher than the Basic plan price?,billing
I am experiencing issues with the billing functionality.,technical
The export button does nothing and throws error 500.,account
I would like to share some feedback about your service.,general
Is there a mobile app available for reports?,general
What are your customer support working hours?,general
There is an unexpected fee of $120 on my latest bill.,account
There is an unexpected fee of $120 on my latest bill.,account
There is a bug in the calendar that needs to be fixed.,technical
The API is returning a 403 error when I make a request.,technical
Can you tell me more about the Basic plan features?,general
The API is returning a TIMEOUT error when I make a request.,technical
The API is returning a TIMEOUT error when I make a request.,technical
My subscription renewed but I wanted to cancel the billing.,billing
Can you tell me more about the Enterprise plan features?,general
The dashboard is not loading after the latest update.,account
How do I enable two factor authentication on my profile?,account
Do you offer a discount for students or non profits?,technical
The application is running slow and freezing frequently.,technical
Is there a mobile app available for settings?,general
The application is running slow and freezing frequently.,technical
There is a bug in the calendar that needs to be fixed.,technical
There is an unexpected fee of $49 on my latest bill.,billing
My subscription renewed but I wanted to cancel the billing.,billing
Why is my invoice higher than the Pro plan price?,billing
Is there a mobile app available for billing?,general
I am experiencing issues with the settings functionality.,technical
Sync keeps failing between my phone and the web billing.,account
Can you tell me more about the Basic plan features?,billing
Why is my invoice higher than the Basic plan price?,billing
I need a refund for the duplicate payment of $120.,billing
I need a refund for the duplicate payment of $19.99.,billing
What are your customer support working hours?,general
Can you tell me more about the Pro plan features?,general
The application is running slow and freezing frequently.,technical
Do you offer a discount for students or non profits?,general
The software is not compatible with my operating system.,technical
My subscription renewed but I wanted to cancel the billing.,billing
The app crashes every time I open the billing page.,account
The export button does nothing and throws error NULL_REF.,account
Why is my invoice higher than the Pro plan price?,technical
Please help me change the email address on my account.,account
There is an unexpected fee of $120 on my latest bill.,billing
The app crashes every time I open the reports page.,account
Sync keeps failing between my phone and the web settings.,account
Why is my invoice higher than the Basic plan price?,billing
The app crashes every time I open the billing page.,account
I need a refund for the duplicate payment of $9.99.,billing
There is an unexpected fee of $120 on my latest bill.,billing
The app crashes every time I open the reports page.,technical
Please help me change the email address on my account.,account
The application is running slow and freezing frequently.,technical
Why is my invoice higher than the Enterprise plan price?,billing
Do you offer a discount for students or non profits?,general
My subscription renewed but I wanted to cancel the billing.,billing
There is a bug in the calendar that needs to be fixed.,technical
My subscription renewed but I wanted to cancel the billing.,billing
"I cannot reset my password, the email never arrives.",account
Do you offer a discount for students or non profits?,general
There is an unexpected fee of $9.99 on my latest bill.,billing
I was charged $19.99 twice on my Visa card this month.,technical
What are your customer support working hours?,general
"I cannot reset my password, the email never arrives.",account
The API is returning a 403 error when I make a request.,technical
Do you offer a discount for students or non profits?,general
I need a refund for the duplicate payment of $5.,billing
Sync keeps failing between my phone and the web calendar.,account
I want to delete my account and all of my data.,account
The software is not compatible with my operating system.,technical
I want to delete my account and all of my data.,account
I need a refund for the duplicate payment of $120.,billing
I would like to share some feedback about your service.,technical
The API is returning a 403 error when I make a request.,technical
The application is running slow and freezing frequently.,technical
Is there a mobile app available for reports?,billing
The export button does nothing and throws error NULL_REF.,account
I was charged $49 twice on my Amex card this month.,billing
My subscription renewed but I wanted to cancel the billing.,billing
Why is my invoice higher than the Basic plan price?,billing
Can you tell me more about the Basic plan features?,general
There is an unexpected fee of $49 on my latest bill.,billing
The export button does nothing and throws error 403.,account
How do I enable two factor authentication on my profile?,account
Do you offer a discount for students or non profits?,general
I would like to share some feedback about your service.,general
Is there a mobile app available for settings?,general
Is there a mobile app available for billing?,general
I need a refund for the duplicate payment of $49.,technical
"I cannot reset my password, the email never arrives.",account
There is an unexpected fee of $49 on my latest bill.,billing
How do I enable two factor authentication on my profile?,account
The export button does nothing and throws error 403.,account
My subscription renewed but I wanted to cancel the billing.,billing
My account is locked after too many login attempts.,account
There is a bug in the reports that needs to be fixed.,technical
I need a refund for the duplicate payment of $5.,billing
My subscription renewed but I wanted to cancel the billing.,billing
The export button does nothing and throws error NULL_REF.,account
I am experiencing issues with the reports functionality.,technical
Why is my invoice higher than the Enterprise plan price?,billing
Can you tell me more about the Pro plan features?,technical
I need a refund for the duplicate payment of $49.,account
There is an unexpected fee of $19.99 on my latest bill.,billing
There is an unexpected fee of $120 on my latest bill.,billing
Why is my invoice higher than the Basic plan price?,billing
Please help me change the email address on my account.,general
The dashboard is not loading after the latest update.,account
Please help me change the email address on my account.,account
My account is locked after too many login attempts.,account
How do I enable two factor authentication on my profile?,account
I need a refund for the duplicate payment of $19.99.,billing
I was charged $5 twice on my Visa card this month.,billing
Sync keeps failing between my phone and the web calendar.,account
Why is my invoice higher than the Pro plan price?,billing
I was charged $19.99 twice on my Amex card this month.,billing
Can you tell me more about the Enterprise plan features?,general
